gene	contrast	alpha_effect	beta_effect	alpha_q	beta_q	category	alpha_plot	beta_plot
1110008P14Rik	dEndo − control	-0.1284564794720685	-0.1408236937846136	1.0	1.0	other tested genes	-0.12810579908721123	-0.14036234603186346
1500009L16Rik	dEndo − control	-0.0939745851755127	-0.0418009721590346	1.0	1.0	other tested genes	-0.09383681357324662	-0.04178880843289735
1700025G04Rik	dEndo − control	-0.0785508556378421	0.0258456491847264	1.0	1.0	other tested genes	-0.07847029954564083	0.025842772577488383
2410006H16Rik	dEndo − control	-0.1002528319127938	-0.0851361288063428	1.0	1.0	other tested genes	-0.10008565290388634	-0.08503361609849183
2610002M06Rik	dEndo − control	-0.1264906636064186	-0.3276488459925593	1.0	1.0	other tested genes	-0.1261557632381421	-0.3220527921429078
2610035D17Rik	dEndo − control	-0.3195928409602898	-0.4025295809426823	1.0	1.0	other tested genes	-0.314388169008605	-0.3923829511205228
4833439L19Rik	dEndo − control	-0.0798757381372468	-0.2503448492572988	1.0	1.0	other tested genes	-0.07979104475971757	-0.2478010008897945
4933406I18Rik	dEndo − control	-0.2102428281074818	-0.2351491779088615	1.0	1.0	other tested genes	-0.20872398884534876	-0.2330342898692423
5330417C22Rik	dEndo − control	-0.6746671059202363	-0.3998928189676512	1.0	1.0	other tested genes	-0.6317895914101304	-0.38993580284158275
9030622O22Rik	dEndo − control	-0.3307397247288718	-0.2166098207325295	1.0	1.0	other tested genes	-0.32498868157282595	-0.21495073510307267
A1cf	dEndo − control	-0.009626052943086	-0.3684047699598941	1.0	1.0	other tested genes	-0.009625904289503792	-0.3605426278526614
A2ml1	dEndo − control	0.494051976209939	0.6779402029780899	1.0	1.0	other tested genes	0.47588543219153473	0.6345008533963137
AC149090.1	dEndo − control	0.4073084891454822	0.290846092723199	1.0	1.0	other tested genes	0.39681250065515034	0.28689423465117175
AY036118	dEndo − control	-0.6963676741033256	-0.7918408777766168	1.0	0.0414658915805963	other tested genes	-0.6496883098546449	-0.7262843658794196
Abca1	dEndo − control	-0.2290734540400399	-0.2182153478169994	1.0	1.0	other tested genes	-0.22711591045594312	-0.2165196111519999
Abcc8	dEndo − control	-0.2659197135522837	-0.1968502870409551	1.0	1.0	other tested genes	-0.2628814253975285	-0.19560063164931546
Abracl	dEndo − control	0.1056169458847866	0.0584098514752937	1.0	1.0	other tested genes	0.10542156661830218	0.05837668944308505
Acat1	dEndo − control	0.0817889846532252	-0.1696983326731716	1.0	1.0	other tested genes	0.08169807100363129	-0.16889422802964343
Acly	dEndo − control	-0.1537315424188782	-0.1969837199711389	1.0	1.0	other tested genes	-0.15313236027207158	-0.19573155044614068
Acot1	dEndo − control	-0.1592445040553605	-0.2043678636722491	1.0	1.0	other tested genes	-0.15857902857336975	-0.2029713426776862
Actb	dEndo − control	-0.4241782501954931	-0.3233478014504141	1.0	1.0	other tested genes	-0.4123896012601243	-0.3179629537906403
Actg1	dEndo − control	-0.109777606980665	0.046751033270162	1.0	1.0	other tested genes	-0.10955830362074047	0.04673401969485756
Acvr1c	dEndo − control	0.0242461376957376	-0.0242964573064509	1.0	1.0	other tested genes	0.02424376270682577	-0.024294067502541306
Acyp2	dEndo − control	-0.6611160898204288	-0.6011672149059211	1.0	1.0	other tested genes	-0.6205208437938959	-0.5698255195224915
Adam22	dEndo − control	0.3171233429277194	-0.0035983192256403	1.0	1.0	other tested genes	0.3120350409397499	-0.003598311460571877
Adgrb3	dEndo − control	0.2094029665951725	0.5684338704308309	1.0	1.0	other tested genes	0.20790202619283	0.5415694294172742
Adk	dEndo − control	-0.0216213755640228	-0.2496194222263584	1.0	1.0	other tested genes	-0.021619691310883402	-0.2470972303501883
Aff2	dEndo − control	-0.0873302175809676	-0.2558490366530425	1.0	1.0	other tested genes	-0.08721959186665715	-0.25313693091826195
Agap1	dEndo − control	-0.0881187777620193	-0.2086035575223301	1.0	1.0	other tested genes	-0.0880051352120457	-0.2071195252114126
Agbl4	dEndo − control	0.1360943679366346	-0.0874196689894487	1.0	1.0	other tested genes	0.13567771538925896	-0.0873087037647868
Ago2	dEndo − control	0.0793082300050129	-0.2147425634814327	1.0	1.0	other tested genes	0.07922532568834666	-0.21312544827220525
Agpat4	dEndo − control	-0.2377960488941534	-0.2164338255994201	1.0	1.0	other tested genes	-0.23561012053327635	-0.21477872583270627
Airn	dEndo − control	-0.1188784846912179	-0.0743534338478448	1.0	1.0	other tested genes	-0.11860025017851637	-0.07428509406263469
Akap13	dEndo − control	-0.1785397639138043	-0.0548966815648169	1.0	1.0	other tested genes	-0.17760458183369662	-0.054869145700095184
Akap17b	dEndo − control	-0.2199123600858734	-0.1583638549179686	1.0	1.0	other tested genes	-0.21817731361572126	-0.157709278192667
Akap9	dEndo − control	-0.1024796988404952	-0.0973050325369841	1.0	1.0	other tested genes	-0.10230116614754146	-0.0971521314047424
Akr1c19	dEndo − control	-0.2033663693223765	-0.0714425564324966	1.0	1.0	other tested genes	-0.20199003326148351	-0.07138192133311147
Akt3	dEndo − control	-0.150133241546114	-0.165484954705865	1.0	1.0	other tested genes	-0.14957488630547436	-0.16473880532953986
Alcam	dEndo − control	0.0521618389924009	0.0729770418443587	1.0	1.0	other tested genes	0.05213821375271534	0.07291242157616934
Aldoa	dEndo − control	-0.1826513565188316	-0.0678266262742865	1.0	1.0	other tested genes	-0.1816507194017186	-0.06777472812796533
Anapc16	dEndo − control	-0.0292459166260754	-0.1096292833043389	1.0	1.0	other tested genes	-0.029241749109294706	-0.10941086449472592
Ank	dEndo − control	-0.3018539191650863	-0.0929848026626884	1.0	1.0	other tested genes	-0.29744832633288776	-0.0928513275455305
Ank2	dEndo − control	-0.1350494787706421	-0.3478932272515035	1.0	1.0	other tested genes	-0.13464229829403823	-0.34123240778392444
Ank3	dEndo − control	-0.1664705867858898	-0.2125961642986457	1.0	1.0	other tested genes	-0.16571113519248998	-0.21102642961194554
Ankrd11	dEndo − control	-0.1144313770464336	-0.2241572818917897	1.0	1.0	other tested genes	-0.11418309955941099	-0.22232131319543355
Ankrd17	dEndo − control	-0.0774601426808346	-0.1205822625947123	1.0	1.0	other tested genes	-0.07738288999022723	-0.1202919455019788
Ankrd44	dEndo − control	-0.1224174878196151	-0.0191499570678682	1.0	1.0	other tested genes	-0.12211377264225468	-0.01914878681287143
Ano6	dEndo − control	0.1277472404046458	0.126967569327125	1.0	1.0	other tested genes	0.12740230871452696	0.12662888485727197
Anxa4	dEndo − control	-0.0462187753943713	-0.1270367820507979	1.0	1.0	other tested genes	-0.046202335958734596	-0.12669754605875572
Ap1s2	dEndo − control	-0.0009293522681009	-0.0271189827075563	1.0	1.0	other tested genes	-0.0009293521343213686	-0.027115659746569425
Apba1	dEndo − control	-0.179072711303298	-0.1242954654471192	1.0	1.0	other tested genes	-0.1781292086032528	-0.12397762261566395
Aplp1	dEndo − control	-0.2596118799780787	-0.2547459993950294	1.0	1.0	other tested genes	-0.2567806994749957	-0.2520681730839476
Aplp2	dEndo − control	-0.1469478298666792	-0.2140260732635171	1.0	1.0	other tested genes	-0.14642404672372514	-0.21242487657583445
App	dEndo − control	-0.2137069087486954	-0.3057532368764833	1.0	1.0	other tested genes	-0.21211276996220033	-0.3011792652655951
Appl1	dEndo − control	-0.0931029758709135	-0.1684762963377464	1.0	1.0	other tested genes	-0.0929689925286596	-0.16768929520243822
Arf5	dEndo − control	-0.0221890321906726	0.105504237896287	1.0	1.0	other tested genes	-0.022187211787322907	0.10530948138485917
Arhgap21	dEndo − control	0.0043369441338929	-0.1138152702750685	1.0	1.0	other tested genes	0.004336930538349917	-0.11357096615519718
Arhgef11	dEndo − control	-0.2785625596028198	-0.1288757331272631	1.0	1.0	other tested genes	-0.27508023002060866	-0.12852162487723695
Arhgef28	dEndo − control	-0.3595380548847653	-0.2503842915488011	1.0	1.0	other tested genes	-0.3522106599239491	-0.24783926224872194
Arid1b	dEndo − control	-0.2453243372841012	-0.209535690932875	1.0	1.0	other tested genes	-0.24292792008915254	-0.20803193117842375
Arl15	dEndo − control	-0.3191171098416575	-0.2336716369427209	1.0	1.0	other tested genes	-0.31393498643239215	-0.2315957433068648
Arx	dEndo − control	-0.5313044837127994	0.0125948021720964	1.0	1.0	other tested genes	-0.5090347086163045	0.012594469212296937
Asap2	dEndo − control	0.0103471609737067	-0.1780553176105338	1.0	1.0	other tested genes	0.01034697634830916	-0.17712765694992685
Ash1l	dEndo − control	-0.0444293999586047	0.0010554649523716	1.0	1.0	other tested genes	-0.0444147958653742	0.0010554647564059367
Asic2	dEndo − control	-0.1719916456141086	-0.3842494661902371	0.7843794792030876	1.0	other tested genes	-0.17115478719386443	-0.37537191365405015
Asph	dEndo − control	-0.099712832621485	-0.2368475622693921	1.0	1.0	other tested genes	-0.09954833261937267	-0.23468726629792985
Asxl1	dEndo − control	-0.1847909593274517	-0.238142982931324	1.0	1.0	other tested genes	-0.18375510149750876	-0.23594762967793398
Atox1	dEndo − control	-0.2776802387135	-0.1071517939805429	1.0	1.0	other tested genes	-0.2742301734310739	-0.106947802181618
Atp2a2	dEndo − control	-0.1639483611648563	-0.2037195939879124	1.0	1.0	other tested genes	-0.16322264222323132	-0.2023361607026318
Atp2a3	dEndo − control	-0.1126439885033744	-0.0968632880246842	1.0	1.0	other tested genes	-0.11240712148213777	-0.09671245408914303
Atp5e	dEndo − control	-0.1136001611659237	-0.1131310948569347	1.0	1.0	other tested genes	-0.11335723432580481	-0.11289115344068947
Atp5g1	dEndo − control	-0.1132319118962617	-0.0937945401159975	1.0	1.0	other tested genes	-0.11299133088262119	-0.09365755679325545
Atp5h	dEndo − control	-0.039341090803032	0.0417518175522137	1.0	1.0	other tested genes	-0.039330949689616986	0.04173969666397753
Atp5j2	dEndo − control	-0.128170896745524	-0.0618987638858968	1.0	1.0	other tested genes	-0.12782253869816576	-0.06185930480664307
Atp5k	dEndo − control	-0.0060903457271288	0.0957206559166208	1.0	1.0	other tested genes	-0.006090308076924192	0.09557508280952416
Atp5l	dEndo − control	0.0761998982245821	0.0947567926027697	1.0	1.0	other tested genes	0.07612634874722574	0.09461556133716766
Atp5md	dEndo − control	-0.1201863929662693	-0.1016350875824421	1.0	1.0	other tested genes	-0.11989891361652043	-0.10146091946157709
Atp5mpl	dEndo − control	0.0126021075213048	0.0442996235248299	1.0	1.0	other tested genes	0.012601773981817924	0.044285146957103935
Atp8b1	dEndo − control	-0.0364989690317652	0.0242002454594116	1.0	1.0	other tested genes	-0.0364908700518928	0.024197883928514945
Atpif1	dEndo − control	-0.0532993151343294	-0.0056497165602913	1.0	1.0	other tested genes	-0.053274111740226386	-0.005649686504892663
Atrnl1	dEndo − control	-0.0581976952920393	0.01322786718315	1.0	1.0	other tested genes	-0.05816489293792266	0.013227481452603393
Atxn1	dEndo − control	-0.2674306741117719	-0.1658034202161448	1.0	1.0	other tested genes	-0.2643413650792152	-0.1650529897112467
Auts2	dEndo − control	-0.3520898714072981	-0.2352349764244932	1.0	1.0	other tested genes	-0.3451934541343672	-0.2331178095170376
BC031181	dEndo − control	-0.0736402179853564	-0.0331409308899535	1.0	1.0	other tested genes	-0.07357382285011022	-0.03313486732131056
BC052040	dEndo − control	-0.3023528950622403	-0.4528226379480308	1.0	1.0	other tested genes	-0.29792598114699187	-0.438622332240027
Basp1	dEndo − control	-0.0527890031957684	-0.025427912485753	1.0	1.0	other tested genes	-0.05276451622362793	-0.025425173091492236
Baz2b	dEndo − control	-0.1493864143806117	-0.1820591178614953	1.0	1.0	other tested genes	-0.1488362957854524	-0.18106808876460279
Bcl11a	dEndo − control	-0.3319189546505319	-0.2167315881059051	1.0	1.0	other tested genes	-0.3261080684144766	-0.21506974107526763
Bend7	dEndo − control	-0.2211095068480411	-0.2441039515403708	1.0	1.0	other tested genes	-0.2193463748385043	-0.24174251242974035
Bet1	dEndo − control	0.0034430753654843	0.0382714337636593	1.0	1.0	other tested genes	0.003443068562710662	0.038262097204535196
Bex2	dEndo − control	-0.0541049336059255	-0.0324774157532426	1.0	1.0	other tested genes	-0.05407857102804184	-0.03247170902639026
Bex3	dEndo − control	0.0015429468266259	0.0397305902469111	1.0	1.0	other tested genes	0.0015429462144148514	0.03972014507753196
Blcap	dEndo − control	-0.0928515757034436	-0.2671093889835461	1.0	1.0	other tested genes	-0.09271867201561759	-0.26403097483835475
Bsg	dEndo − control	-0.1266580607091192	-0.10581821979323	1.0	1.0	other tested genes	-0.12632183530071103	-0.10562172512774384
Btbd17	dEndo − control	-0.5294111585020209	-0.3717868191677089	1.0	1.0	other tested genes	-0.5073620655462427	-0.363714423010549
Btbd3	dEndo − control	-0.0421703641925516	0.0237969971775609	1.0	1.0	other tested genes	-0.042157875312688886	0.023794751721417116
Btf3	dEndo − control	0.0408550716961094	0.1064013826856994	1.0	1.0	other tested genes	0.040843714773186754	0.10620163247792509
Btg1	dEndo − control	0.1919532236778138	-0.1572743650432319	1.0	1.0	other tested genes	0.19079356456651886	-0.1566331079563203
Btg2	dEndo − control	0.1708672341113956	0.283543126283684	1.0	1.0	other tested genes	0.1700465424053592	0.2798750199380968
Btg3	dEndo − control	-0.1817335889602012	-0.3167634754478669	1.0	1.0	other tested genes	-0.18074781508229537	-0.3116919914110213
C2cd4b	dEndo − control	-0.0119519954794775	-0.1352947769736008	1.0	1.0	other tested genes	-0.011951710940285347	-0.13488538576223144
Cacna1a	dEndo − control	-0.0796026773317672	-0.0828093892202102	1.0	1.0	other tested genes	-0.07951884794397791	-0.0827150373038279
Cacna1c	dEndo − control	0.0893778068846896	-0.2558080421149137	1.0	1.0	other tested genes	0.08925923513272868	-0.2530972154379472
Cacna1d	dEndo − control	0.0063415629886872	-0.1386732808675964	1.0	1.0	other tested genes	0.006341520484685343	-0.1382326292421628
Cacna2d1	dEndo − control	-0.0248492350449327	-0.062203804655888	1.0	1.0	other tested genes	-0.024846678419100605	-0.062163760007241324
Cacnb2	dEndo − control	0.1040725332706136	-0.0548862591415536	1.0	1.0	other tested genes	0.10388557321957913	-0.054858738943201625
Cadm1	dEndo − control	-0.2752358424840231	-0.3389733708017718	1.0	1.0	other tested genes	-0.2718741542514188	-0.33279621514808344
Cadps	dEndo − control	-0.0394115216126577	-0.0228103210322517	1.0	1.0	other tested genes	-0.03940132596138454	-0.022808343419397407
Calm1	dEndo − control	-0.0003031486996634	-0.0586020795729331	1.0	1.0	other tested genes	-0.0003031486950202164	-0.05856858938923513
Calr	dEndo − control	-0.2392066537157714	-0.1331737895942132	1.0	1.0	other tested genes	-0.23698223992119424	-0.1327832531961463
Camk1d	dEndo − control	-1.2984490086664011	-1.3331214635849309	9.964628247945385e-23	2.4871678801234098e-27	shared decrease (q < 0.05)	-1.0775050483159716	-1.0984851603547674
Camk2d	dEndo − control	-0.1505683744134209	0.0338681968426168	1.0	1.0	other tested genes	-0.15000518284339026	0.03386172540306829
Camk2n1	dEndo − control	-0.1943797135145513	-0.2346481757595096	1.0	1.0	other tested genes	-0.19317601248265748	-0.23254656281411082
Canx	dEndo − control	-0.2418988477212386	-0.2606502083210683	1.0	1.0	other tested genes	-0.23959976587476864	-0.2577855849029643
Cartpt	dEndo − control	1.369828149925923	-0.313077923774289	8.979570346182991e-21	1.1875583495672536e-05	other tested genes	1.120318994126831	-0.3081766386598098
Casd1	dEndo − control	-0.0373892301397905	0.0967385613321708	1.0	1.0	other tested genes	-0.03738052420812547	0.09658830769235266
Casp3	dEndo − control	0.0984822306432013	-0.1024986359568458	1.0	1.0	other tested genes	0.09832372902544467	-0.10232000458261437
Castor2	dEndo − control	-0.1671198727890828	-0.0919931355102205	1.0	1.0	other tested genes	-0.16635157359389488	-0.09186387487715822
Cbfb	dEndo − control	-0.1540852336564352	-0.2345401216010268	1.0	1.0	other tested genes	-0.15348193540906088	-0.23244136464723222
Cbx5	dEndo − control	-0.2435387181329882	-0.1817106088285209	1.0	1.0	other tested genes	-0.24119336643265396	-0.18072520523995733
Cbx6	dEndo − control	-0.1554368552143618	-0.176600650717663	1.0	1.0	other tested genes	-0.15481765561825034	-0.17569533568904305
Ccdc88a	dEndo − control	0.050288721729777	-0.0964347937095611	1.0	1.0	other tested genes	0.05026754949206674	-0.0962859471554672
Cck	dEndo − control	-0.1827618668662165	0.4683840476763787	1.0	0.5733061943381863	other tested genes	-0.18175943016860882	0.4527564291097007
Ccnd2	dEndo − control	-0.9441572680905068	-0.97851559155443	1.0	0.0911464639919123	other tested genes	-0.8413305350827013	-0.8660999298099986
Ccnd3	dEndo − control	-0.0035959583206874	-0.0722354246357776	1.0	1.0	other tested genes	-0.003595950570893185	-0.07217275146805714
Ccser1	dEndo − control	-0.0085694481019479	-0.0013301225061621	1.0	1.0	other tested genes	-0.008569343221880635	-0.0013301221139478852
Cd164	dEndo − control	-0.2333858010990144	-0.2972364068370186	1.0	1.0	other tested genes	-0.23131739662318576	-0.29302500102111556
Cd200	dEndo − control	-0.3760436352453205	-0.2024837455458151	1.0	1.0	other tested genes	-0.36770162262055583	-0.20112503945395552
Cd24a	dEndo − control	0.0770415255408514	0.0591278187884637	1.0	1.0	other tested genes	0.07696551637919179	0.05909342009434624
Cd47	dEndo − control	-0.2635239048767792	-0.171065664535587	1.0	1.0	other tested genes	-0.2605653941670196	-0.17024213488013246
Cd63	dEndo − control	-0.1694168008777526	-0.1390473369698018	1.0	1.0	other tested genes	-0.16861665799893166	-0.13860313036183708
Cd81	dEndo − control	-0.0918103669981537	-0.0629448867635644	1.0	1.0	other tested genes	-0.09168187333560905	-0.0629033954735624
Cd9	dEndo − control	-0.3365113989928394	-0.1865870410599158	1.0	1.0	other tested genes	-0.3304636875896744	-0.18552099663487612
Cda	dEndo − control	0.3976855068879678	0.4206694999566835	1.0	0.5733061943381863	other tested genes	0.3878855102960293	0.40915740101665077
Cdh2	dEndo − control	-0.1595406652257556	-0.2310555623410216	1.0	1.0	other tested genes	-0.15887149780890658	-0.22904755690275383
Cdk14	dEndo − control	-0.0507846997163794	-0.1923493541283646	1.0	1.0	other tested genes	-0.050762895330483324	-0.1911825784995039
Cdk2ap2	dEndo − control	0.1339005364578972	-0.1531042022635735	1.0	1.0	other tested genes	0.13350360569969114	-0.152512275168889
Cdk8	dEndo − control	-1.123317382085793	-1.1237488438667176	8.904848034271116e-44	5.555465031858759e-31	shared decrease (q < 0.05)	-0.9659412936350166	-0.9662281501226373
Cdkn1a	dEndo − control	0.0544197392662034	0.2011289800930106	1.0	1.0	other tested genes	0.054392914250909905	0.19979704603442067
Cdyl2	dEndo − control	0.096861632051145	0.0479087916139763	1.0	1.0	other tested genes	0.0967108058298133	0.047890483390108506
Celf2	dEndo − control	0.0275548282278269	-0.0101861146681592	1.0	1.0	other tested genes	0.027551342499548562	-0.010185938529715204
Cep112	dEndo − control	0.0559524326778468	-0.0619140042475196	1.0	1.0	other tested genes	0.05592327892001182	-0.061874516048354505
Cers6	dEndo − control	-0.0372454628500865	-0.1224690383500854	1.0	1.0	other tested genes	-0.037236856918152005	-0.12216494103241114
Chchd2	dEndo − control	-0.0231147247597558	-0.0098295636715653	1.0	1.0	other tested genes	-0.023112666924839844	-0.009829405389179384
Chd2	dEndo − control	-0.1218952519401096	-0.2339542443127336	1.0	1.0	other tested genes	-0.12159539014451119	-0.23187092877528337
Chd9	dEndo − control	-0.1928050380837	-0.0574489396672537	1.0	1.0	other tested genes	-0.1916300406991349	-0.057417385945854216
Chga	dEndo − control	-0.3300849338956498	0.0140500405449613	1.0	1.0	other tested genes	-0.32436694977867775	0.014049578331163316
Chgb	dEndo − control	-0.0418512230955515	0.1564936694324889	1.0	1.0	other tested genes	-0.041839015471938974	0.155861846047954
Chic1	dEndo − control	-0.2829013503920934	-0.1116807714044686	1.0	1.0	other tested genes	-0.2792575322191502	-0.11144990667229555
Chrm3	dEndo − control	-0.3347809081478922	-0.1711899500516827	1.0	1.0	other tested genes	-0.3288231417936896	-0.17036463958141498
Chst9	dEndo − control	-0.0217568034253839	-0.0083120593858284	1.0	1.0	other tested genes	-0.021755087329617975	-0.008311963674981384
Cib1	dEndo − control	0.0095722532157194	0.0560835175308755	1.0	1.0	other tested genes	0.009572107040626438	0.05605415858271768
Cib2	dEndo − control	-0.2214957755840785	-0.2781222214584758	1.0	1.0	other tested genes	-0.21972351867665124	-0.274656018159159
Cited1	dEndo − control	0.5332295536582564	0.2071773312349297	1.0	6.30032665452573e-05	other tested genes	0.5107340514915257	0.20572315434543095
Cks1b	dEndo − control	-0.0356478128426883	0.1858327660704424	1.0	1.0	other tested genes	-0.03564026714877368	0.18477946803890827
Clasp2	dEndo − control	0.0962333868858744	0.0088797780947859	1.0	1.0	other tested genes	0.09608546843087136	0.008879661403163269
Clps	dEndo − control	0.9754231172612856	0.3533696877974347	0.4402229567822887	1.0	other tested genes	0.863887896141874	0.3464003886241554
Clptm1l	dEndo − control	-0.2495366350904566	-0.0713889418876011	1.0	1.0	other tested genes	-0.2470169070624493	-0.07132844299014769
Cltrn	dEndo − control	-0.4492847787064696	-0.4334879862498837	1.0	1.0	other tested genes	-0.4353973559118866	-0.42094577404290945
Clu	dEndo − control	-0.3678544440653513	-0.2937213177677434	1.0	1.0	other tested genes	-0.36002618453255675	-0.28965399184542767
Cmss1	dEndo − control	-1.2587464093110496	-1.2521747775617549	5.389633755318706e-37	1.3910786652929808e-36	shared decrease (q < 0.05)	-1.0530452179235608	-1.0489508651355934
Cnot6l	dEndo − control	-0.0756162016118083	-0.0899252300930342	1.0	1.0	other tested genes	-0.07554432654929409	-0.08980447157933306
Cntnap5b	dEndo − control	0.3237461237943638	-1.058760848106965	1.0	0.0287571897808548	other tested genes	0.318341933451711	-0.9223194997517495
Cope	dEndo − control	-0.1302247386959428	-0.1453738080848852	1.0	1.0	other tested genes	-0.12985945052335687	-0.1448665733186897
Cox5a	dEndo − control	-0.0831726245986175	0.0021209274036009	1.0	1.0	other tested genes	-0.08307702821193884	0.002120925813497812
Cox5b	dEndo − control	-0.057473845577306	-0.018290390421406	1.0	1.0	other tested genes	-0.05744225084013586	-0.018289370768630478
Cox6b1	dEndo − control	-0.0593086886313586	-0.02063341831947	1.0	1.0	other tested genes	-0.0592739736313469	-0.020631954528347353
Cox6c	dEndo − control	-0.1358828651973257	-0.1288942073570836	1.0	1.0	other tested genes	-0.1354681415873397	-0.12853994755180104
Cox7a2	dEndo − control	0.013653369893267	-0.0187070821314076	1.0	1.0	other tested genes	0.013652945731139045	-0.018705991197287906
Cox7a2l	dEndo − control	0.1320466774089049	0.1480753840068015	1.0	1.0	other tested genes	0.13166592264412513	0.14753952984615112
Cox7b	dEndo − control	-0.0744817468088013	-0.00909704580103	1.0	1.0	other tested genes	-0.07441305319528714	-0.009096920332814657
Cox7c	dEndo − control	-0.1231940561139298	-0.0533067413390888	1.0	1.0	other tested genes	-0.12288455051827278	-0.053281527417699086
Cox8a	dEndo − control	0.002336553531224	-0.0146655148209885	1.0	1.0	other tested genes	0.002336551405167075	-0.014664989168579251
Cpe	dEndo − control	0.0733143492289949	0.1561899782651777	1.0	1.0	other tested genes	0.07324883021740827	0.15556179972466896
Cpm	dEndo − control	-0.3675503405187777	-0.1622602229666365	1.0	1.0	other tested genes	-0.35974076458168025	-0.16155652066448817
Cpn1	dEndo − control	-0.45942679891011	-0.7305148399611927	1.0	1.0	other tested genes	-0.4446309547778228	-0.6774861104942682
Crebrf	dEndo − control	-0.0589923441903221	-0.1463478478083147	1.0	1.0	other tested genes	-0.058958181154002504	-0.14583041393039686
Creld2	dEndo − control	-0.1885143844839531	-0.0236744944062295	1.0	1.0	other tested genes	-0.18741531122377286	-0.023672283443738316
Crot	dEndo − control	-0.0311998376675477	-0.0009014061273299	1.0	1.0	other tested genes	-0.03119477807456607	-0.0009014060052595728
Cryba2	dEndo − control	-0.2580568719655795	0.1769931776878696	1.0	1.0	other tested genes	-0.2552753013940542	0.17608186818718868
Cst3	dEndo − control	0.0030534093617795	-0.0162723950413719	1.0	1.0	other tested genes	0.0030534046171530457	-0.016271676996734843
Ctnna2	dEndo − control	-0.1849460375129946	-0.1674243972688119	1.0	1.0	other tested genes	-0.1839075957260445	-0.16665192514747387
Ctnnd2	dEndo − control	-0.2479083946605924	-0.4104482696337418	1.0	1.0	other tested genes	-0.24543680814542934	-0.3997187307521823
Ctrb1	dEndo − control	0.4190660005646838	-0.8245557827043308	8.996556846492418e-11	1.3293393803974042e-05	other tested genes	0.4076789335470226	-0.7517284700436652
Ctsl	dEndo − control	-0.2754537077680715	-0.3292569905067641	1.0	1.0	other tested genes	-0.2720842026069682	-0.32358063407035936
Ctsz	dEndo − control	-0.3415302958065292	-0.3768917401147883	1.0	1.0	other tested genes	-0.3352168557980155	-0.3684953442931298
Cxxc4	dEndo − control	-0.1085885190036509	-0.0186059090835571	1.0	1.0	other tested genes	-0.10837624048960363	-0.018604835752275204
Cyb5b	dEndo − control	-0.2925035681388384	-0.2230302953843221	1.0	1.0	other tested genes	-0.2884854074300637	-0.22122148398120964
Cycs	dEndo − control	-0.282449367766589	-0.2720679547394439	1.0	1.0	other tested genes	-0.2788225926801554	-0.2688186100125454
Cystm1	dEndo − control	0.0753708029093692	0.2224914692538052	1.0	1.0	other tested genes	0.0752996241690661	0.22069554895237994
Dach1	dEndo − control	0.068853778172715	-0.0324910584411179	1.0	1.0	other tested genes	0.06879948975488152	-0.032485344521899974
Dad1	dEndo − control	-0.0106944849090926	0.0129397226662849	1.0	1.0	other tested genes	-0.01069428106129929	0.012939361596677244
Dapk1	dEndo − control	-0.2146352788371604	-0.1356655730712886	1.0	1.0	other tested genes	-0.21302055376102857	-0.13525282503987707
Dbpht2	dEndo − control	-0.0854311969539618	-0.1143232327245177	1.0	1.0	other tested genes	-0.08532761700329441	-0.11407565575288166
Dcaf6	dEndo − control	-0.144334870888045	-0.1010348676642098	1.0	1.0	other tested genes	-0.143838367472232	-0.10086375778124462
Dcx	dEndo − control	-0.2080301548907714	-0.1040010106895559	1.0	1.0	other tested genes	-0.20655817342219654	-0.10381443459218673
Ddc	dEndo − control	-0.1706102773224676	0.2025708945454726	1.0	1.0	other tested genes	-0.16979325103553006	0.20121045431322493
Ddost	dEndo − control	-0.1149061619655584	0.0337351599634032	1.0	1.0	other tested genes	-0.11465479346766504	0.03372876445976146
Dek	dEndo − control	-0.1258262505258973	-0.0427074247483307	1.0	1.0	other tested genes	-0.12549657526405378	-0.042694452875304954
Dennd1a	dEndo − control	-0.002540055040176	-0.0685940191032168	1.0	1.0	other tested genes	-0.002540052308829044	-0.06854034193944551
Deptor	dEndo − control	0.1416802643871058	0.1513446005321602	1.0	1.0	other tested genes	0.1412104971915545	0.15077271302013623
Derl2	dEndo − control	0.0056403702551478	0.1195779147244843	1.0	1.0	other tested genes	0.005640340348662724	0.11929476125404138
Dgkb	dEndo − control	-0.6087824454240103	-0.4459508892704134	0.0005299805133569	1.0	other tested genes	-0.5763411796290762	-0.43235440434652417
Dhrs4	dEndo − control	-0.0307066077618098	-0.080338536955947	1.0	1.0	other tested genes	-0.030701784286433526	-0.08025236575762046
Dlk1	dEndo − control	-0.2144750904331792	-0.124876516729515	1.0	1.0	other tested genes	-0.2128639298052284	-0.12455421627318898
Dmd	dEndo − control	-0.0638863743911421	-0.1364239556752195	1.0	1.0	other tested genes	-0.06384299564174488	-0.13600428542813298
Dnah9	dEndo − control	-0.0230281165375187	-0.0672979142971145	1.0	1.0	other tested genes	-0.02302608174379654	-0.06724721873666588
Dnajb11	dEndo − control	-0.1720923881401709	-0.07250465794864	1.0	1.0	other tested genes	-0.17125407110906465	-0.07244128249319871
Dnajb9	dEndo − control	-0.2224190030753586	-0.238394984330777	1.0	1.0	other tested genes	-0.22062481189889413	-0.23619276860473928
Dnajc10	dEndo − control	-0.2678804979381067	-0.2684491928519783	1.0	1.0	other tested genes	-0.2647758934063893	-0.26532518088047513
Dnajc12	dEndo − control	0.3596488370813916	0.1834547560054472	1.0	1.0	other tested genes	0.35231490699846296	0.1824409876441023
Dnajc15	dEndo − control	-0.002397270716157	-0.0352679503742412	1.0	1.0	other tested genes	-0.0023972684200143403	-0.03526064325086749
Dnajc3	dEndo − control	-0.1918826007642993	-0.1539960531066011	1.0	1.0	other tested genes	-0.1907242074016097	-0.1533937944555697
Dock11	dEndo − control	-0.3218878299908621	-0.1904608743364071	1.0	1.0	other tested genes	-0.3165735015418405	-0.18932776964656947
Dop1b	dEndo − control	-0.1540930274269298	-0.0752754981401893	1.0	1.0	other tested genes	-0.15348963826973544	-0.07520458861437818
Dpf3	dEndo − control	-0.1281260439725239	-0.2934226939403043	1.0	1.0	other tested genes	-0.1277780497371549	-0.2893674601620365
Dpp10	dEndo − control	0.1989596143964672	0.1254558966924193	1.0	1.0	other tested genes	0.19766982643174116	0.12512911041718575
Dpp4	dEndo − control	-0.1155006779389242	-0.1993253446920011	1.0	1.0	other tested genes	-0.1152454031161731	-0.1980285135186958
Dpp6	dEndo − control	-0.3702907009752298	-0.5568728861701066	1.0	1.0	other tested genes	-0.3623117456943321	-0.5314938306347685
Dpyd	dEndo − control	0.168637394409067	-0.0747135565174247	1.0	1.0	other tested genes	0.16784815240022286	-0.07464422059446005
Drap1	dEndo − control	-0.1907566476619488	-0.1286924009894488	1.0	1.0	other tested genes	-0.18961831210809776	-0.12833979439867232
Dst	dEndo − control	-0.0824123789350911	-0.2052282063211122	1.0	1.0	other tested genes	-0.08231937483635726	-0.20381419137457477
Dstn	dEndo − control	0.0422099232077538	0.0857528999937653	1.0	1.0	other tested genes	0.04219739916713516	0.08564814807915061
Dtnbos	dEndo − control	0.2661233549733325	0.0893955559152918	1.0	1.0	other tested genes	0.2630782224260734	0.08927691367824209
Dusp10	dEndo − control	-0.4663178398873531	-0.4455581599111635	1.0	1.0	other tested genes	-0.45088455771704017	-0.43199569834642204
Dynll1	dEndo − control	-0.1192823531680341	-0.0471255711568539	1.0	1.0	other tested genes	-0.11900128529346929	-0.04710814566817521
Ece1	dEndo − control	-0.0430660969208885	-0.1352132036998739	1.0	1.0	other tested genes	-0.043052795652024335	-0.13480454854109902
Edem2	dEndo − control	-0.0384584252276247	-0.2330329697456425	1.0	1.0	other tested genes	-0.03844895120659662	-0.23097378549045994
Eef1b2	dEndo − control	0.0775048232117982	0.0767916051414585	1.0	1.0	other tested genes	0.07742743700151052	0.07671633200051729
Egr1	dEndo − control	0.2207543393595017	0.4210630704697855	1.0	1.0	other tested genes	0.2189995704349508	0.4095201536945996
Ehbp1	dEndo − control	-0.0058949685954214	-0.0602046429417058	1.0	1.0	other tested genes	-0.005894934453618906	-0.06016833252032163
Eif1	dEndo − control	-0.0615638111767469	0.0565521591359506	1.0	1.0	other tested genes	-0.061524988491587995	0.056522058751763374
Eif4a2	dEndo − control	-0.1376867204353547	-0.0765881934631424	1.0	1.0	other tested genes	-0.13725535463179464	-0.07651351586357834
Eif4b	dEndo − control	0.0095221570149897	-0.1791923100507171	1.0	1.0	other tested genes	0.009522013122858353	-0.1782469334600118
Eif5a	dEndo − control	0.1290699659153531	0.1416808425594224	1.0	1.0	other tested genes	0.1287142621093275	0.14121106964686223
Elob	dEndo − control	-0.1271138083032611	-0.0836396386197714	1.0	1.0	other tested genes	-0.12677395782833495	-0.08354242624455478
Elp4	dEndo − control	0.0098056030000875	0.0925032632565828	1.0	1.0	other tested genes	0.009805445872342665	0.09237184584885388
Emb	dEndo − control	-0.0054220775935127	0.1021701452413903	1.0	1.0	other tested genes	-0.0054220510266550235	0.10199322050702346
Enho	dEndo − control	-0.0589637182921946	-0.2148719420922374	1.0	1.0	other tested genes	-0.05892960491264751	-0.2132519414583593
Entpd3	dEndo − control	-0.0316007107374442	-0.0035684512896894	1.0	1.0	other tested genes	-0.03159545366195375	-0.003568443716382095
Epb41l5	dEndo − control	-0.2391984857885421	-0.2201115241902303	1.0	1.0	other tested genes	-0.23697429609721737	-0.2183718256484875
Epcam	dEndo − control	-0.0525648267104408	-0.0372932737114794	1.0	1.0	other tested genes	-0.05254065012184762	-0.03728463460930943
Eps8l2	dEndo − control	-0.2083791361731822	0.1156562958466411	1.0	1.0	other tested genes	-0.2068998280392036	0.11539999192061963
Ero1lb	dEndo − control	-0.0895161804106262	-0.3182077330001012	1.0	1.0	other tested genes	-0.08939705841115715	-0.3130685382142808
Erp29	dEndo − control	-0.0679502873337082	-0.0577420236135199	1.0	1.0	other tested genes	-0.06789810520139121	-0.05770998498235039
Erp44	dEndo − control	-0.0965017245579745	-0.1316326795187853	1.0	1.0	other tested genes	-0.0963525687274049	-0.13125547651525876
Esrrg	dEndo − control	0.7319054721956202	0.1723337791718054	1.0	1.0	other tested genes	0.6786086587848439	0.17149196033253283
Etl4	dEndo − control	-0.341745196282004	-0.0933995618247679	1.0	1.0	other tested genes	-0.3354202159878354	-0.09326429730513756
Etv1	dEndo − control	-0.3596634081589995	-0.335360225411706	1.0	1.0	other tested genes	-0.3523286182439778	-0.3293724434507103
Exoc4	dEndo − control	-0.0823255571634402	-0.0792860296063176	1.0	1.0	other tested genes	-0.08223284610198912	-0.07920319476063571
Exoc7	dEndo − control	-0.0383618099908652	-0.0675423237110568	1.0	1.0	other tested genes	-0.038352407161134076	-0.06749107455842203
Fam120c	dEndo − control	-1.6871788723136493e-05	-0.1327296633590871	1.0	1.0	other tested genes	-1.6871788722336047e-05	-0.1323430009056163
Fam155a	dEndo − control	0.1900223594092026	0.0559258319632169	1.0	1.0	other tested genes	0.1888969809615977	0.05589671972725967
Fam172a	dEndo − control	0.0029173292829283	-0.0816605672168971	1.0	1.0	other tested genes	0.002917325144804872	-0.08157008027720987
Fam183b	dEndo − control	-0.0418984485745768	0.0873079744479092	1.0	1.0	other tested genes	-0.04188619960035023	0.08719743304951545
Fam241b	dEndo − control	-0.1286249015896287	-0.1955522279617837	1.0	1.0	other tested genes	-0.12827284681794193	-0.19432685805371078
Farp1	dEndo − control	-0.1516671444953214	-0.3919951098951423	1.0	1.0	other tested genes	-0.15109161767432358	-0.3825927485462496
Fars2	dEndo − control	-0.1276912375738416	-0.1218487417611718	1.0	1.0	other tested genes	-0.12734675713529336	-0.12154922156775703
Fau	dEndo − control	-0.0092890432815058	0.022514627074827	1.0	1.0	other tested genes	-0.009288909700457813	0.022512725366205744
Fbxl17	dEndo − control	-0.0484515335292012	-0.1602378063915079	1.0	1.0	other tested genes	-0.04843259645232874	-0.15955989520100297
Fbxl20	dEndo − control	-0.139854699308692	-0.4092263312551169	1.0	1.0	other tested genes	-0.13940275513045836	-0.3985880654154895
Fbxl7	dEndo − control	-0.1068914967064622	0.1480276495750483	0.7843794792030876	1.0	other tested genes	-0.10668898289868321	0.14749231011973427
Fchsd2	dEndo − control	-0.0543168699273007	-0.0345117877999646	1.0	1.0	other tested genes	-0.05429019661221004	-0.0345049405142169
Fermt2	dEndo − control	-0.0954680800587138	0.0593450069201191	1.0	1.0	other tested genes	-0.09532365315731521	0.05931022817404613
Fev	dEndo − control	0.0065765559561804	0.2344643501506068	1.0	1.0	other tested genes	0.0065765085499027275	0.23236759441312263
Ffar2	dEndo − control	0.0648834209453291	-0.0532264851904717	1.0	1.0	other tested genes	0.06483798197252925	-0.0532013848840607
Fgf12	dEndo − control	-0.2091240340658111	-0.4941172836580462	1.0	1.0	other tested genes	-0.20762900752344715	-0.47594398283121264
Fh1	dEndo − control	0.0056997220551793	-0.0862974573842301	1.0	1.0	other tested genes	0.0056996911946454445	-0.08619070162550149
Fhit	dEndo − control	-0.0892859879335046	0.0094880819482443	1.0	1.0	other tested genes	-0.08916778036954365	0.00948793959530538
Filip1	dEndo − control	-0.2490131460549139	0.0761026368890278	1.0	1.0	other tested genes	-0.24650896156091257	0.0760293682010695
Fkbp2	dEndo − control	0.0833589257662279	-0.0946254491925269	1.0	1.0	other tested genes	0.0832626868876193	-0.09448480283586964
Fkbp9	dEndo − control	0.3838777912026721	0.064718498649442	1.0	1.0	other tested genes	0.37502494833630234	0.0646734048580168
Flrt1	dEndo − control	0.216565568877049	-0.2715398301282459	1.0	1.0	other tested genes	0.21490748603401413	-0.26830897523057257
Fmnl2	dEndo − control	-0.1452270310013506	-0.3309435190334708	1.0	1.0	other tested genes	-0.14472132152016615	-0.3251821619679509
Fndc3a	dEndo − control	-0.0620072871836468	-0.0952301793555381	1.0	1.0	other tested genes	-0.06196762043611756	-0.09508682656821071
Fos	dEndo − control	0.2085969118333003	0.2778624624030681	1.0	1.0	other tested genes	0.20711301955888528	0.2744057495103599
Foxn3	dEndo − control	-0.2067367431675495	-0.2002712740367889	1.0	1.0	other tested genes	-0.20529170907097416	-0.19895610948624481
Foxp1	dEndo − control	-0.110817795160786	-0.1112777665409059	1.0	1.0	other tested genes	-0.1105922216606011	-0.11104938290666153
Foxp2	dEndo − control	0.1057642288528514	-0.1686811345877714	1.0	1.0	other tested genes	0.10556803380223378	-0.16789128342901916
Frmd4b	dEndo − control	0.0437568367620313	-0.0162335780370708	1.0	1.0	other tested genes	0.043742885529290294	-0.016232865118362264
Fth1	dEndo − control	0.1463976532136528	0.0842039561757154	1.0	1.0	other tested genes	0.14587969421883068	0.08410476702169352
Ftl1	dEndo − control	-0.2496304768492753	-0.1779225962597452	1.0	1.0	other tested genes	-0.24710795585553022	-0.17699698924213972
Fxr1	dEndo − control	0.0047115713202588	-0.0051861625476791	1.0	1.0	other tested genes	0.004711553888479456	-0.00518613929987877
Fxyd3	dEndo − control	-0.1234065303393039	0.0685089367553729	1.0	1.0	other tested genes	-0.12309542781014425	0.06845545880373886
G6pc2	dEndo − control	-0.1767767136328321	0.1505695747626975	1.0	1.0	other tested genes	-0.1758687130778671	0.1500063698131681
Gabarap	dEndo − control	0.0377681804939431	0.0766932133969999	1.0	1.0	other tested genes	0.037759207273985254	0.0766182287166179
Gabrb3	dEndo − control	-0.4146592056996984	-0.4398314005589764	1.0	1.0	other tested genes	-0.4036114074681472	-0.42675912772796243
Gadd45a	dEndo − control	0.0198975330919472	0.0302212432288484	1.0	1.0	other tested genes	0.01989622038103966	0.030216644823035946
Gadd45g	dEndo − control	-0.2620187340026479	0.0727130739690727	1.0	1.0	other tested genes	-0.2591096434367563	0.07264915128649806
Galnt18	dEndo − control	-0.1232820990920889	-0.1034322212164353	1.0	1.0	other tested genes	-0.12297193243509567	-0.10324867993677918
Gapdh	dEndo − control	-0.3067718146554967	-0.2822068118036668	1.0	1.0	other tested genes	-0.3021531910717059	-0.27858916166220243
Gas5	dEndo − control	0.0053380468856942	-0.0471374116850932	1.0	1.0	other tested genes	0.005338021534972192	-0.04711997306714278
Gast	dEndo − control	0.9264187255722092	0.3297266417613389	9.87503308405492e-09	1.0	other tested genes	0.8283752824359443	0.3240266957659375
Gata6	dEndo − control	-0.3759854997575455	-0.1136471468290531	1.0	1.0	other tested genes	-0.3676472068393576	-0.11340391959414908
Gcg	dEndo − control	-0.0995794542870169	-1.3262470326233222	1.802372585236792e-06	8.530373235206932e-05	shared decrease (q < 0.05)	-0.09941561157452719	-1.0943532653953874
Gch1	dEndo − control	0.1306081159150893	0.2100613218634878	1.0	1.0	other tested genes	0.1302396084242026	0.20854636256012832
Gfra1	dEndo − control	-0.3848933606444859	0.3581879816586197	1.0	1.0	other tested genes	-0.3759728985618735	0.3509399332694852
Gfra3	dEndo − control	0.0337502216379912	0.1649895198226213	1.0	1.0	other tested genes	0.03374381756728501	0.1642499985432919
Ghr	dEndo − control	0.2745907077405911	0.0952013148436748	1.0	1.0	other tested genes	0.27125209807008466	0.09505809201673147
Gjd2	dEndo − control	-0.3266911956169599	-0.1292044116299244	1.0	1.0	other tested genes	-0.32114261636757013	-0.1288476006167347
Glcci1	dEndo − control	-0.163869088022231	-0.2113420287168408	1.0	1.0	other tested genes	-0.16314441297204815	-0.20979955358535152
Glis3	dEndo − control	-0.1926831589221375	-0.1364563713444145	1.0	1.0	other tested genes	-0.19151036427295126	-0.13603640352194646
Glrx5	dEndo − control	-0.2394692852729891	-0.1658861137528567	1.0	1.0	other tested genes	-0.23723765783431808	-0.16513456896025663
Gls	dEndo − control	-0.1147563539094906	-0.2438238702879313	1.0	1.0	other tested genes	-0.11450596345064047	-0.24147041164822072
Glud1	dEndo − control	-0.0756054283107045	0.0433700110848354	1.0	1.0	other tested genes	-0.07553358391222928	0.04335642638632366
Gnai1	dEndo − control	-0.00039223366215	0.0592244261314963	1.0	1.0	other tested genes	-0.00039223365209265594	0.05918985872985186
Gnao1	dEndo − control	-0.0400626823775839	-0.1208720044817741	1.0	1.0	other tested genes	-0.04005197321936965	-0.12057959869276624
Gnaq	dEndo − control	-0.2155496528701105	-0.1819211760546717	1.0	1.0	other tested genes	-0.21391448285243275	-0.1809323760809603
Gnas	dEndo − control	-0.1270479520825657	-0.1852649917247317	1.0	1.0	other tested genes	-0.12670862702635802	-0.18422122213453432
Gnasas1	dEndo − control	-0.2868761457695426	-0.2803906537652501	1.0	1.0	other tested genes	-0.2830802238460771	-0.27684085780041434
Gng12	dEndo − control	-0.1295799534279836	-0.1164861393957274	1.0	1.0	other tested genes	-0.12922003762125253	-0.11622430125951697
Gpatch8	dEndo − control	-0.0304897165790732	-0.0587892212089481	1.0	1.0	other tested genes	-0.03048499456479845	-0.058755409487307064
Gpc4	dEndo − control	-0.2986004723516922	-0.080279672814626	1.0	1.0	other tested genes	-0.2943322853221296	-0.08019369052668655
Gpd2	dEndo − control	0.1458662461716578	0.074095705913656	1.0	1.0	other tested genes	0.145353871874337	0.07402807315761185
Gphn	dEndo − control	-0.390642023012256	-0.2940332446394169	1.0	1.0	other tested genes	-0.38133270228622806	-0.2899532631896954
Gpr39	dEndo − control	-0.1912226874199452	-0.0821017463179228	1.0	1.0	other tested genes	-0.1900760776717706	-0.08200978782228882
Gprasp1	dEndo − control	0.0164499991869947	-0.0467958514450489	1.0	1.0	other tested genes	0.01644925737557819	-0.04677878892444527
Gprasp2	dEndo − control	-0.3806848937070984	-0.331006529652706	1.0	1.0	other tested genes	-0.37204254602793874	-0.32524198127690146
Gpx2	dEndo − control	-0.7373259581032353	-0.4309166396872628	1.0	1.0	other tested genes	-0.6829770928875317	-0.4185854479657769
Gpx3	dEndo − control	-0.0116157648514426	-0.1905770119445206	1.0	1.0	other tested genes	-0.011615503655866553	-0.18944185520136525
Grb10	dEndo − control	-0.1207868930201778	0.0006148203885143	1.0	1.0	other tested genes	-0.12049510181303637	0.000614820349780201
Grcc10	dEndo − control	-0.0521703349348857	-0.0124017500246819	1.0	1.0	other tested genes	-0.052146698158733615	-0.01240143214145504
Gria3	dEndo − control	-0.3364098568388071	-0.7188396381226002	0.7552199203454615	1.0	other tested genes	-0.3303674469168427	-0.6680322941731435
Grik2	dEndo − control	-0.1493750685555491	-0.2417093483967887	1.0	1.0	other tested genes	-0.148825074469255	-0.2394155748142204
Grip1	dEndo − control	-0.4572686589625233	-0.5286146621661755	1.0	1.0	other tested genes	-0.4426690765167639	-0.5066580156282505
Gse1	dEndo − control	-0.1119378436092623	-0.0709787821493619	1.0	1.0	other tested genes	-0.11170538691606505	-0.07091931849097043
Gspt1	dEndo − control	-0.0182976718197325	-0.0422650100606125	1.0	1.0	other tested genes	-0.018296650948824184	-0.04225243694806401
Gspt2	dEndo − control	-0.0422022813112892	-0.020352819944169	1.0	1.0	other tested genes	-0.04218976406805601	-0.02035141505657257
Guk1	dEndo − control	-0.1805604739101288	-0.011300275324002	1.0	1.0	other tested genes	-0.17959348643290401	-0.011300034837409075
H13	dEndo − control	-0.0882870271447472	0.0020056945820721	1.0	1.0	other tested genes	-0.08817273391946247	0.002005693237319578
H2-T23	dEndo − control	-0.1120191504585992	-0.3017230103693337	1.0	1.0	other tested genes	-0.11178618874905435	-0.2973230003062631
H2afj	dEndo − control	-0.1919541898418571	-0.0675219687871307	1.0	1.0	other tested genes	-0.19079451340807094	-0.06747076589157572
H2afz	dEndo − control	-0.1135034733523084	-0.1324554271457067	1.0	1.0	other tested genes	-0.1132611638952589	-0.13207114400959366
H3f3a	dEndo − control	-0.0454846307778835	0.0179239238116705	1.0	1.0	other tested genes	-0.0454689618688559	0.01792296422271958
H3f3b	dEndo − control	-0.195250344836231	-0.1001636566505925	1.0	1.0	other tested genes	-0.1940305781740761	-0.09999692203293845
Hadh	dEndo − control	-0.2834660815121973	-0.0646612107085177	1.0	1.0	other tested genes	-0.2798008964349391	-0.06461623641082706
Hadha	dEndo − control	-0.1196949232336984	-0.2591324802098952	1.0	1.0	other tested genes	-0.1194109412821669	-0.25631665472202747
Hap1	dEndo − control	-0.1342835714988293	0.0697474897639486	1.0	1.0	other tested genes	-0.13388324287725728	0.06969106295641168
Hdac8	dEndo − control	0.0758405975620021	-0.1696342601510881	1.0	1.0	other tested genes	0.07576808182144758	-0.16883105827953038
Herpud1	dEndo − control	0.0393523170038981	-0.1766657763729247	1.0	1.0	other tested genes	0.03934216721056517	-0.1757594685778576
Hint1	dEndo − control	-0.0723973876367899	-0.0142270694035185	1.0	1.0	other tested genes	-0.07233429261686099	-0.014226589498219264
Hist1h1c	dEndo − control	-0.0776093973463398	-0.2910704982532723	1.0	1.0	other tested genes	-0.07753169803558053	-0.28710970494153343
Hist1h1e	dEndo − control	-0.6625448817537855	-0.6872558478781735	5.557710003903184e-05	0.0009482363277444	shared decrease (q < 0.05)	-0.6217123233251838	-0.642194899219742
Hist1h2ac	dEndo − control	-0.376644789181512	-0.5031609439292775	1.0	1.0	other tested genes	-0.36826425155186643	-0.4840372704139689
Hist1h2ap	dEndo − control	-1.0965309472346991	-0.9157182289231124	1.4396537967991332e-07	0.1050866016159253	other tested genes	-0.948011376411239	-0.8205046389931708
Hist1h2bc	dEndo − control	-0.0300143364190086	-0.1053065471297488	1.0	1.0	other tested genes	-0.030009831790416403	-0.10511287975307075
Hist3h2ba	dEndo − control	-0.3547486820456699	-0.1607310774170695	1.0	1.0	other tested genes	-0.3477003100472948	-0.16004693418697072
Hmgcr	dEndo − control	-0.0576775236646519	-0.2129603723226462	1.0	1.0	other tested genes	-0.05764559217185041	-0.21138266274525874
Hmgn2	dEndo − control	-0.3882202269728078	-0.3904382185519685	1.0	1.0	other tested genes	-0.3790759909617724	-0.38114286166346883
Hmgn3	dEndo − control	0.2352319372995554	0.2521438910633327	1.0	1.0	other tested genes	0.23311485114064115	0.24954581555764366
Hmgn5	dEndo − control	0.0045569320472535	-0.2054675233170713	1.0	1.0	other tested genes	0.00455691627614031	-0.20404861680812367
Hnf1aos1	dEndo − control	-0.4829568397959519	0.0945792503677823	1.0	1.0	other tested genes	-0.4659162406458271	0.09443880936438642
Hnrnpa1	dEndo − control	-0.1733410317963145	-0.1946582453653239	1.0	1.0	other tested genes	-0.17248449710047	-0.19344941981431338
Hopx	dEndo − control	-0.6659950140717175	-0.68135415192192	0.0228601769223094	1.0	other tested genes	-0.6245861818936042	-0.637324401351031
Hs6st3	dEndo − control	0.090526806287683	0.2760118101124005	1.0	1.0	other tested genes	0.09040361397880575	0.2726222269731245
Hsp90aa1	dEndo − control	-0.0116774196199058	0.0641214667566705	1.0	1.0	other tested genes	-0.01167715424322305	0.06407760795299013
Hsp90ab1	dEndo − control	0.0016700307573299	-0.0197852436454007	1.0	1.0	other tested genes	0.0016700299810441506	-0.019783953031121553
Hsp90b1	dEndo − control	-0.081741486769462	-0.1693790913229752	1.0	1.0	other tested genes	-0.08165073110298678	-0.16857947812180246
Hspa13	dEndo − control	0.1623005011587144	-0.2147505576270469	1.0	1.0	other tested genes	0.16159627874571708	-0.21313326422836532
Hspa4l	dEndo − control	-0.1091232466456173	-0.1285174299251477	1.0	1.0	other tested genes	-0.10890782785119262	-0.12816625257278255
Hspa5	dEndo − control	-0.0757848006952518	-0.045705328604228	1.0	1.0	other tested genes	-0.07571244461485913	-0.045689430647225034
Hspa8	dEndo − control	-0.1982262587770892	-0.020753129650927	1.0	1.0	other tested genes	-0.1969505181182171	-0.02075164023707197
Hspe1	dEndo − control	-0.1199032277457265	-0.0022932829488993	1.0	1.0	other tested genes	-0.11961776691907247	-0.002293280938785488
Htatsf1	dEndo − control	0.151327570345942	0.1859020441014163	1.0	1.0	other tested genes	0.15075587456464515	0.18484757954558606
Hyou1	dEndo − control	-0.1051446622231081	-0.2778333803675687	1.0	1.0	other tested genes	-0.10495188370151189	-0.2743777289552207
Iapp	dEndo − control	-1.0376905916804515	-0.6742735680033397	0.091821274127628	0.0911464639919123	other tested genes	-0.9077753331600523	-0.6314633279161739
Ica1	dEndo − control	0.017490181162893	-0.1123678451207428	1.0	1.0	other tested genes	0.017489289559123187	-0.1121327093362773
Id2	dEndo − control	0.1574051088322358	0.4705310920721742	1.0	1.0	other tested genes	0.15676226285276648	0.45469996068303575
Idh3a	dEndo − control	-0.1411422226020119	-0.1018181174396489	1.0	1.0	other tested genes	-0.1406777556990155	-0.10164300958170552
Ids	dEndo − control	-0.1433950275779075	-0.2039528596254697	1.0	1.0	other tested genes	-0.14290810180227348	-0.2025647263038088
Ier2	dEndo − control	0.5069835150979958	0.5082767733915037	1.0	1.0	other tested genes	0.487449330624727	0.48860251497915835
Ifitm2	dEndo − control	-0.510427159061143	-0.4536421728781851	1.0	1.0	other tested genes	-0.4905186569763176	-0.43936877814023323
Igf1r	dEndo − control	-0.160270219006403	-0.0789463662898414	1.0	1.0	other tested genes	-0.15959189946470317	-0.07886458952082341
Igfbpl1	dEndo − control	-0.2455910289019972	-0.3333526459703002	1.0	1.0	other tested genes	-0.24318692340981118	-0.3274684717603138
Igsf21	dEndo − control	-0.2320429103101193	-0.5463645972674067	1.0	1.0	other tested genes	-0.2300094553872345	-0.5222926069582399
Immp2l	dEndo − control	-0.0430251020414326	0.0894038370722552	1.0	1.0	other tested genes	-0.04301183870006237	0.08928516193948997
Inpp5f	dEndo − control	-0.5258605145497044	-0.5034488040399674	1.0	1.0	other tested genes	-0.5042217466394816	-0.48429439951468045
Ins1	dEndo − control	-0.7704681955894013	-0.3520273463264	7.218519091410502e-14	0.721297162234198	other tested genes	-0.7094413641155375	-0.3451344772696189
Ins2	dEndo − control	-0.4538000840882418	-0.5893879092914183	0.1833975935957989	1.0	other tested genes	-0.4395125798339405	-0.5597038308955956
Insm1	dEndo − control	-0.1391051183393763	-0.2516680851878299	1.0	1.0	other tested genes	-0.13866036090004455	-0.24908442372078046
Irx2	dEndo − control	-0.2838403552003724	-0.3397650851360995	1.0	1.0	other tested genes	-0.2801609649266523	-0.3335459326949273
Isl1	dEndo − control	-0.1368643714844497	-0.2273930822655354	1.0	1.0	other tested genes	-0.13644064629088945	-0.2254776656388649
Isyna1	dEndo − control	-0.0188802122327471	-0.0881363111865164	1.0	1.0	other tested genes	-0.018879090731630896	-0.0880226009442299
Itm2b	dEndo − control	-0.08022519693671	-0.0570739436932021	1.0	1.0	other tested genes	-0.08013938923061256	-0.05704300324827432
Itpr1	dEndo − control	0.0656806863945265	-0.0846319765905798	1.0	1.0	other tested genes	0.06563355394028839	-0.08453127041588859
Jazf1	dEndo − control	-0.3980094147270629	-0.3130427221493576	1.0	1.0	other tested genes	-0.3881864740472195	-0.30814304477697785
Jmjd1c	dEndo − control	-0.1656960265459035	-0.1564459048382713	1.0	1.0	other tested genes	-0.16494704153587367	-0.15581465563714822
Jpt1	dEndo − control	-0.1090152302312697	-0.0870682239431597	1.0	1.0	other tested genes	-0.10880044824778717	-0.08695858864606242
Jun	dEndo − control	0.2185343219949893	0.235248709999935	1.0	1.0	other tested genes	0.21683124141773577	0.23313117817094545
Junb	dEndo − control	1.000494326282397	0.7731842991059598	0.760279125495023	1.0	other tested genes	0.8817230852926209	0.7115915131389361
Jund	dEndo − control	-0.2877025754126411	-0.3228023103769752	1.0	1.0	other tested genes	-0.28387452440631294	-0.31744388027439935
Kansl1	dEndo − control	-0.0518823507723095	-0.1631770764673382	1.0	1.0	other tested genes	-0.05185910295688522	-0.16246147204434433
Kcnb2	dEndo − control	0.1025117267364964	0.1453244765365835	1.0	1.0	other tested genes	0.10233302712508412	0.14481775475477776
Kcnd2	dEndo − control	0.0220005396935486	0.1570993289595578	1.0	1.0	other tested genes	0.021998765282731366	0.15646019497998648
Kcnh7	dEndo − control	-0.1774913862209934	-0.0803468135056795	1.0	1.0	other tested genes	-0.17657243082982424	-0.08026061572364265
Kcnh8	dEndo − control	-0.1643260900077365	-0.3481317405524895	1.0	1.0	other tested genes	-0.16359538341827423	-0.3414576698008775
Kcnip4	dEndo − control	0.9281204989415248	0.6554335749193742	8.224115661847948e-10	5.000269427934443e-11	shared increase (q < 0.05)	0.8296231406271669	0.6157744027262692
Kcnma1	dEndo − control	-0.3344649731348688	-0.3235978139394646	1.0	1.0	other tested genes	-0.32852353563835524	-0.3182008307456937
Kcnmb2	dEndo − control	-0.3109987472051438	-0.2817060368502717	1.0	1.0	other tested genes	-0.30619184579764636	-0.2781071790310033
Kcnq1ot1	dEndo − control	-0.0416179603111681	-0.0593944571298558	1.0	1.0	other tested genes	-0.04160595556886568	-0.059359591463304925
Kctd12	dEndo − control	-0.3964299573388923	-0.0385774694084769	1.0	1.0	other tested genes	-0.38671858166534384	-0.03856790717662723
Kctd8	dEndo − control	0.3261747859380076	-0.3192124198463603	1.0	1.0	other tested genes	0.32065170037348983	-0.31402578396998015
Kdelr2	dEndo − control	-0.2839030226970931	-0.3875067225615394	1.0	1.0	other tested genes	-0.2802212504803695	-0.37841077136561313
Kif13a	dEndo − control	0.136389632480849	-0.1796951186198709	1.0	1.0	other tested genes	0.13597027716820884	-0.17874183719270215
Kif21a	dEndo − control	-0.0325209416451263	0.0213667065963426	1.0	1.0	other tested genes	-0.03251521195051293	0.02136508115125659
Kit	dEndo − control	0.0047684933295566	0.2162743275265598	1.0	1.0	other tested genes	0.004768475258321158	0.2146228345976401
Klf12	dEndo − control	0.0240543815103222	0.0891510097608605	1.0	1.0	other tested genes	0.02405206241671776	0.08903333622012452
Klhl13	dEndo − control	-0.0938180675985214	-0.1504982952559047	1.0	1.0	other tested genes	-0.09368098143750285	-0.1499358844482777
Klhl32	dEndo − control	-0.0042148415002104	0.0049348808967547	1.0	1.0	other tested genes	-0.004214829020945018	0.004934860867074438
Kmt2a	dEndo − control	-0.1167003010792542	-0.2301461533478864	1.0	1.0	other tested genes	-0.11643702196289966	-0.2281614041316889
Kmt2e	dEndo − control	-0.0676060501118612	-0.0989246239800216	1.0	1.0	other tested genes	-0.06755465595960837	-0.09876398299897755
Krt18	dEndo − control	-0.209839523271002	-0.043278445316253	1.0	1.0	other tested genes	-0.20832929642818895	-0.0432649464309478
Krt19	dEndo − control	-0.9462406341587088	-0.8210901246094984	1.0	0.1712716485389037	other tested genes	-0.8428445993016325	-0.7490522960819019
Krt7	dEndo − control	-0.2568744911095149	-0.0807172173115488	1.0	1.0	other tested genes	-0.2541302631513425	-0.08062982422887943
Krt8	dEndo − control	-0.1304191411679538	-0.0679684526317181	1.0	1.0	other tested genes	-0.13005222288294482	-0.06791622869614958
Krtcap2	dEndo − control	-0.192596041826556	-0.0929872283720093	1.0	1.0	other tested genes	-0.19142481999328614	-0.09285374283554461
Ksr2	dEndo − control	-0.1929109995160614	-0.0948859976344573	1.0	1.0	other tested genes	-0.19173408487564425	-0.09474418940900818
Large1	dEndo − control	-0.1955815098248532	-0.1084748856037878	1.0	1.0	other tested genes	-0.1943555955208982	-0.10826327048616116
Lars2	dEndo − control	-0.7421730030585968	-0.6894901225675758	5.863225291683656e-07	0.301059081571777	other tested genes	-0.6868738175914226	-0.6440352848570134
Lcorl	dEndo − control	-0.180713761987127	-0.0274331510232155	1.0	1.0	other tested genes	-0.17974433321681116	-0.027429711258039086
Lgr4	dEndo − control	-0.5488663452841166	-0.0925433085654409	1.0	1.0	other tested genes	-0.5244868839772324	-0.09241172084530634
Lhx1	dEndo − control	0.2270356354581292	0.170256248041844	1.0	1.0	other tested genes	0.22512910311803977	0.1694442542151215
Lman1	dEndo − control	0.006787919084887	-0.1266901742287068	1.0	1.0	other tested genes	0.006787866959449261	-0.12635369422808707
Lncpint	dEndo − control	-0.2538540290576327	-0.3099273080405433	1.0	1.0	other tested genes	-0.25120371647457884	-0.30516858695391813
Lpp	dEndo − control	-0.1658681203993374	-0.2446277501719171	1.0	1.0	other tested genes	-0.16511681815818938	-0.24225133911834854
Lrba	dEndo − control	-0.0275418572820736	-0.1254495456650885	1.0	1.0	other tested genes	-0.027538376472893592	-0.12512280878502102
Lrp8	dEndo − control	0.0292233260357695	-0.0776215041550516	1.0	1.0	other tested genes	0.029219168166477502	-0.07754376854156474
Lrpprc	dEndo − control	0.7905080793006398	0.1180004567645061	1.0	1.0	other tested genes	0.7252391404791584	0.11772831668150363
Lrrc42	dEndo − control	0.052807716004328	0.098837385580436	1.0	1.0	other tested genes	0.0527832030040556	0.09867716798191445
Macrod1	dEndo − control	-0.000471902092857	-0.0710172703494973	1.0	1.0	other tested genes	-0.0004719020753422309	-0.07095771005218278
Macrod2	dEndo − control	0.1510777994342544	-0.1154422746013806	1.0	1.0	other tested genes	0.1505089107741403	-0.1151873852928321
Mafb	dEndo − control	-0.2351338763249194	-0.2199193334446766	1.0	1.0	other tested genes	-0.23301939453814427	-0.21818412422825753
Maged1	dEndo − control	-0.1693725518707908	-0.1433511740483814	1.0	1.0	other tested genes	-0.16857303050087666	-0.1428646921641327
Mageh1	dEndo − control	0.0006590425096673	0.023148881206361	1.0	1.0	other tested genes	0.0006590424619595483	0.02314681423688801
Magi3	dEndo − control	0.0839031220433463	0.0702335671335212	1.0	1.0	other tested genes	0.08380498998859957	0.07017595411037048
Magt1	dEndo − control	-0.0344783778632233	-0.2036235041831476	1.0	1.0	other tested genes	-0.03447155043717673	-0.20224200396429196
Malat1	dEndo − control	0.2917233410165176	0.1504917780393925	1.0	1.0	other tested genes	0.2877364794131945	0.14992943980472434
Maml3	dEndo − control	0.0403071925591086	-0.0595918456536022	1.0	1.0	other tested genes	0.04029628621797905	-0.059556631589380064
Mamld1	dEndo − control	-0.0971220127056262	-0.260645265758832	1.0	1.0	other tested genes	-0.0969699703034699	-0.25778080213534244
Man1a	dEndo − control	-0.3296019466417756	-0.0343711892329618	1.0	1.0	other tested genes	-0.3239082698823212	-0.034364425263357604
Man1c1	dEndo − control	-0.0040663044502364	0.1516666816156632	1.0	1.0	other tested genes	-0.0040662932443763684	0.15109116002832101
Manf	dEndo − control	-0.0997562138511958	-0.0958466419989988	1.0	1.0	other tested genes	-0.09959149968943648	-0.0957004949082061
Maob	dEndo − control	-0.4881660242773719	-0.3308364959387218	1.0	1.0	other tested genes	-0.4706022242103123	-0.3250805567149049
Map1b	dEndo − control	-0.1378164791973082	-0.1863361769284399	1.0	1.0	other tested genes	-0.13738389952305294	-0.18527438299746044
Map2	dEndo − control	-0.0840144800170493	-0.0745258749839621	1.0	1.0	other tested genes	-0.08391595753948194	-0.07445705940423844
Map3k15	dEndo − control	-0.3450256843147193	-0.3634197025767968	0.4566762838438747	1.0	other tested genes	-0.3385228762723508	-0.3558611284058099
Mapk15	dEndo − control	-0.1142625550505883	-0.2216967115052001	1.0	1.0	other tested genes	-0.11401537055017011	-0.2199196956928604
Marcks	dEndo − control	-0.2330348856264008	-0.3367610217733344	1.0	1.0	other tested genes	-0.23097565137764287	-0.3307002650918422
Mast2	dEndo − control	0.2333973707080529	-0.0365793924360123	1.0	1.0	other tested genes	0.23132866343999642	-0.036571239822702196
Mast4	dEndo − control	-0.0728855926050662	-0.1077416075584967	1.0	1.0	other tested genes	-0.07282121457917606	-0.10753424031207999
Mbd5	dEndo − control	0.0562397103611945	-0.0170846735350841	1.0	1.0	other tested genes	0.05621010566805799	-0.017083842514530972
Mbnl2	dEndo − control	-0.2451155829217846	-0.1860849481858676	1.0	1.0	other tested genes	-0.24272517263138352	-0.18502739976102103
Mcc	dEndo − control	-0.1969234135950238	-0.4598945289126112	1.0	1.0	other tested genes	-0.19567238076840618	-0.4450559377533523
Mctp2	dEndo − control	-0.2247946046174148	-0.3149803013897577	1.0	1.0	other tested genes	-0.22294316116905444	-0.30999162793443663
Mdh1	dEndo − control	-0.1548531612742634	-0.0848877195354222	1.0	1.0	other tested genes	-0.15424086211154356	-0.08478609962219363
Mdk	dEndo − control	-0.2461753491648236	-0.1209674712856382	1.0	1.0	other tested genes	-0.2437543426979231	-0.12067437512033516
Mecom	dEndo − control	-0.2404436629564046	-0.2326128456084636	1.0	1.0	other tested genes	-0.23818513964909457	-0.23056460512597549
Med13l	dEndo − control	-0.161699088222148	0.1371260564452137	1.0	1.0	other tested genes	-0.16100260552630846	0.13669990967278806
Mef2a	dEndo − control	-0.1645582718753719	-0.1433496562281857	1.0	1.0	other tested genes	-0.16382448830887644	-0.14286318970273118
Meg3	dEndo − control	-0.077021432515733	-0.0439809541697169	1.0	1.0	other tested genes	-0.07694548270455745	-0.043966787592546776
Meis2	dEndo − control	-0.0871450153908639	0.0333256040743863	1.0	1.0	other tested genes	-0.08703509041121742	0.03331943860872388
Met	dEndo − control	-0.2830751080883231	0.0903253775508514	1.0	1.0	other tested genes	-0.2794247242670142	0.0902030037551624
Mfhas1	dEndo − control	-0.3769560035588481	-0.08164274701472	1.0	1.0	other tested genes	-0.3685554779105032	-0.0815523191832238
Mia	dEndo − control	-0.089352808138042	0.2115233590308217	1.0	1.0	other tested genes	-0.08923433561411022	0.20997696184239567
Micos10	dEndo − control	-0.0515881881358985	0.0007740455982262	1.0	1.0	other tested genes	-0.05156533320178133	0.0007740455209317577
Mid1	dEndo − control	0.2942342748485813	-0.0487669106838184	1.0	1.0	other tested genes	0.2901461237956898	-0.04874760166917178
Mid1ip1	dEndo − control	-0.1283981670363992	-0.0053635483057041	1.0	1.0	other tested genes	-0.12804796167378255	-0.005363522589923216
Mien1	dEndo − control	0.0177337716402997	-0.0180674906122341	1.0	1.0	other tested genes	0.017732842266059156	-0.01806650778207522
Mif	dEndo − control	-0.0281735999352962	-0.2374986895435797	1.0	1.0	other tested genes	-0.028169874125328103	-0.2353208183410458
Mllt3	dEndo − control	-0.1670546580118131	-0.0707876054326332	1.0	1.0	other tested genes	-0.1662872505264156	-0.0707286202489785
Mlxipl	dEndo − control	0.0910470662187375	0.1635247481234316	1.0	1.0	other tested genes	0.09092174300692848	0.16280459595954674
Mnx1	dEndo − control	-0.0868207064456533	-0.2681988733135199	1.0	1.0	other tested genes	-0.0867120014128055	-0.2650834134447735
Mpp6	dEndo − control	-0.2295309905942827	-0.2738676401196646	1.0	1.0	other tested genes	-0.22756187295293853	-0.27055477513701914
Mpped2	dEndo − control	0.0314726457390597	0.0788229168208261	1.0	1.0	other tested genes	0.03146745230048745	0.07874152236835666
Mrfap1	dEndo − control	-0.1061687555474446	0.0837052597097401	1.0	1.0	other tested genes	-0.10597030824983232	0.08360781882446787
Mrln	dEndo − control	0.4777759539416687	0.2047716347329518	1.0	1.0	other tested genes	0.4612462221756611	0.20336692132587367
Mrpl1	dEndo − control	0.077364008031201	-0.0563161866997289	1.0	1.0	other tested genes	0.07728704210209437	-0.05628646118528182
Mrpl36	dEndo − control	-0.0278563781176864	0.1348670257043752	1.0	1.0	other tested genes	-0.027852776719940363	0.13446148444492426
Mrps33	dEndo − control	0.0896463210167316	0.1443444098753326	1.0	1.0	other tested genes	0.08952667996287447	0.1438478086183988
Msi2	dEndo − control	-0.3030689170415627	-0.3023213739562326	1.0	1.0	other tested genes	-0.2986112923665779	-0.29789580888068284
Mtch1	dEndo − control	-0.1195999436564982	-0.0369512031972183	1.0	1.0	other tested genes	-0.11931663433226765	-0.03694279955032869
Mtmr7	dEndo − control	-0.1691324761595742	-0.1147385185724758	1.0	1.0	other tested genes	-0.16833632128592488	-0.11448824438537766
Myo18a	dEndo − control	0.2295658254830536	0.1441761167512601	1.0	1.0	other tested genes	0.22759582482061408	0.14368123980331493
Myo1d	dEndo − control	-0.0834248883166518	-0.0491519351261224	1.0	1.0	other tested genes	-0.0833284212686784	-0.049132165480437286
Myt1l	dEndo − control	-0.4241617058082266	-0.2666259435173002	1.0	1.0	other tested genes	-0.41237437040192787	-0.2635638763233586
Naaladl2	dEndo − control	-0.5650488325862145	-0.5995906244158106	1.0	1.0	other tested genes	-0.5386244660263334	-0.5684738303665138
Naca	dEndo − control	-0.0249561108520571	-0.0258877300940436	1.0	1.0	other tested genes	-0.02495352110243134	-0.025884839415997105
Nav2	dEndo − control	-0.1213757266971458	-0.0479332791866755	1.0	1.0	other tested genes	-0.12107966601793702	-0.047914942894196136
Nbea	dEndo − control	-0.0054708400566392	-0.0654685789321328	1.0	1.0	other tested genes	-0.005470812766550034	-0.06542190104729821
Ncald	dEndo − control	-0.4923506551926436	-0.3127322872473631	1.0	1.0	other tested genes	-0.4743595976371529	-0.30784677358291346
Ncam1	dEndo − control	-0.0422490552852468	-0.074808644766358	1.0	1.0	other tested genes	-0.04223649639852611	-0.0747390442174584
Ncam2	dEndo − control	-0.1087349442290354	0.4450021224007615	1.0	1.0	other tested genes	-0.10852180884691347	0.4314877425196326
Ncoa7	dEndo − control	0.1581995673561459	-0.0927493507281807	1.0	1.0	other tested genes	0.15754701070873386	-0.09261688439452984
Ncor1	dEndo − control	-0.0534024939872812	-0.0513077867324933	1.0	1.0	other tested genes	-0.05337714406589069	-0.051285302160808614
Ndn	dEndo − control	-0.0033140965240952	-0.1585346277944194	1.0	1.0	other tested genes	-0.0033140904575412683	-0.1578779468823419
Ndrg1	dEndo − control	-0.1950532724194965	-0.3926156133627645	1.0	1.0	other tested genes	-0.19383715453697734	-0.3831703914793182
Ndst4	dEndo − control	-0.4374725969314902	-0.635080212869399	1.0	1.0	other tested genes	-0.4245990075027708	-0.5986723103082212
Ndufa1	dEndo − control	-0.1293112144526835	-0.0781054524347923	1.0	1.0	other tested genes	-0.12895352225754272	-0.07802625643203387
Ndufa12	dEndo − control	-0.2736206465498518	-0.2319633014451901	1.0	1.0	other tested genes	-0.2703165462776113	-0.22993190622826895
Ndufa4	dEndo − control	-0.0365832509322319	0.0406292449208126	1.0	1.0	other tested genes	-0.036575095739803526	0.04061807519293348
Ndufb1-ps	dEndo − control	-0.0003198310395871	0.0798503626506994	1.0	1.0	other tested genes	-0.00031983103413441315	0.07976574981189341
Ndufb11	dEndo − control	-0.0206045222334892	0.02668414232104	1.0	1.0	other tested genes	-0.020603064582878645	0.026680976623820397
Ndufb2	dEndo − control	-0.0970039549854425	-0.0722111998161859	1.0	1.0	other tested genes	-0.0968524648084686	-0.07214858958319703
Ndufb4	dEndo − control	-0.1280254292486163	-0.0729138087449442	1.0	1.0	other tested genes	-0.1276782502093919	-0.07284935604111883
Ndufb5	dEndo − control	-0.0926283400879909	-0.0234735154312657	1.0	1.0	other tested genes	-0.09249639024347026	-0.023471360291241805
Ndufb8	dEndo − control	-0.1177905365107894	0.0882677419016005	1.0	1.0	other tested genes	-0.11751984027144474	0.08815352338391014
Ndufc1	dEndo − control	-0.1221411340284392	-0.0561909680138926	1.0	1.0	other tested genes	-0.12183946202050068	-0.056161440155615035
Ndufc2	dEndo − control	-0.1820803944139296	-0.1006384988152502	1.0	1.0	other tested genes	-0.18108902119688555	-0.10046938884276661
Ndufs5	dEndo − control	-0.0818934150469868	-0.0409867849168539	1.0	1.0	other tested genes	-0.08180215340804545	-0.04097531785377396
Ndufv3	dEndo − control	-0.0612922142580613	-0.0466518685633401	1.0	1.0	other tested genes	-0.061253902550095836	-0.04663496295188212
Nectin3	dEndo − control	-0.0160947446036333	-0.0920181534664957	1.0	1.0	other tested genes	-0.016094049818690198	-0.0918887876120081
Nedd4	dEndo − control	-0.1773344386518976	-0.2342314743353101	1.0	1.0	other tested genes	-0.17641789643064223	-0.2321408613569934
Nedd4l	dEndo − control	-0.120575324738463	-0.2268467643439093	1.0	1.0	other tested genes	-0.12028505753793522	-0.22494491550205173
Nefm	dEndo − control	-0.3377145443874287	-0.158450065988225	1.0	1.0	other tested genes	-0.33160379214407637	-0.15779442756526352
Neo1	dEndo − control	-0.3445162980971838	-0.2632191712986437	1.0	1.0	other tested genes	-0.33804130790954096	-0.26027070958439397
Neurod1	dEndo − control	-0.0162399273259457	-0.1099868554109831	1.0	1.0	other tested genes	-0.0162392135704643	-0.10976630013247099
Nf1	dEndo − control	-0.1629878122824367	-0.1688684904501607	1.0	1.0	other tested genes	-0.16227467556831382	-0.16807602656796752
Nfia	dEndo − control	-0.4074139220147056	-0.247627583322677	1.0	1.0	other tested genes	-0.3969101428059902	-0.24516423858660832
Nipal2	dEndo − control	-0.1050364634544545	-0.2646042328086782	1.0	1.0	other tested genes	-0.10484427750415026	-0.2616099184366042
Nipbl	dEndo − control	-0.1304729865882249	-0.1051305966068494	1.0	1.0	other tested genes	-0.13010561594656483	-0.10493789518673986
Nkx2-2	dEndo − control	-0.207478444679575	-0.0855084476753096	1.0	1.0	other tested genes	-0.20601799756510303	-0.08540458709942907
Nkx6-1	dEndo − control	-0.1503689466659848	-0.0948438929189895	1.0	1.0	other tested genes	-0.14980797507365157	-0.09470227288201082
Nlgn1	dEndo − control	-0.0718573332873955	0.0316380726400546	0.3090196065129017	1.0	other tested genes	-0.07179563759394425	0.03163279690160276
Nme1	dEndo − control	-0.0251703299985647	0.0083962403683283	1.0	1.0	other tested genes	-0.02516767299772527	0.008396141720038193
Nme2	dEndo − control	0.0461144399571349	0.0464392462472327	1.0	1.0	other tested genes	0.046098111532086906	0.04642257058454864
Nnat	dEndo − control	-0.4287141089279291	0.300668916235121	1.0	1.0	other tested genes	-0.41656191545281346	0.2963136941043996
Noct	dEndo − control	-0.1073597239366602	-0.4056703807409283	1.0	0.7393468307077088	other tested genes	-0.10715454636619309	-0.39529497478432063
Nol4	dEndo − control	0.0493779189998225	-0.0935976982456096	1.0	1.0	other tested genes	0.049357875616673805	-0.09346157330920926
Npepl1	dEndo − control	-0.1815797399451262	-0.056814157315157	1.0	1.0	other tested genes	-0.18059644336459307	-0.05678363704426398
Nr5a2	dEndo − control	-0.5456601436274756	-0.4414526502825591	1.0	1.0	other tested genes	-0.5216743152758109	-0.42824273056037676
Nr6a1	dEndo − control	-0.1867804167229834	-0.0832466320880045	1.0	1.0	other tested genes	-0.18571108824196048	-0.08315078081604653
Nrg1	dEndo − control	0.0475708226695742	0.0331939847720991	1.0	1.0	other tested genes	0.04755289892091909	0.03318789204574043
Nrip1	dEndo − control	-0.1329859824166323	-0.1997660890995232	1.0	1.0	other tested genes	-0.1325970873065954	-0.19846073668335332
Nt5dc2	dEndo − control	-0.1958448360476796	-0.2344306557777181	1.0	1.0	other tested genes	-0.19461401897025718	-0.23233478955060463
Nucb2	dEndo − control	0.0122458393685215	-0.1069221879032658	1.0	1.0	other tested genes	0.012245533323640848	-0.10671950019871984
Nxn	dEndo − control	-0.5735353897736613	-0.1676688910467878	1.0	1.0	other tested genes	-0.5459996346183587	-0.1668930578261721
Ociad2	dEndo − control	0.1371766967681575	-0.0083094985541952	1.0	1.0	other tested genes	0.1367500803265706	-0.008309402931780703
Ocrl	dEndo − control	-0.1006856396170268	-0.2532383522795924	1.0	1.0	other tested genes	-0.10051629260902199	-0.2506069235570186
Orc6	dEndo − control	-0.0913819785099266	-0.1162723257516438	1.0	1.0	other tested genes	-0.09125527068069003	-0.11601192103081961
Osbpl6	dEndo − control	0.1884516147870857	-0.1801108613102901	1.0	1.0	other tested genes	0.18735362764528718	-0.17915101113197024
Ostc	dEndo − control	0.0553761810225719	-0.0303465572303987	1.0	1.0	other tested genes	0.055347917965479464	-0.030341901400348946
Otud5	dEndo − control	-0.0043337790241238	-0.0507712877719956	1.0	1.0	other tested genes	-0.004333765458325087	-0.05074950064344434
P4hb	dEndo − control	-0.0728937308385961	-0.2213441271283313	1.0	1.0	other tested genes	-0.07282933127964852	-0.2195754563051385
Pacc1	dEndo − control	-0.33433326871773	-0.0493054456094235	1.0	1.0	other tested genes	-0.3283986298519475	-0.04928549028744428
Paip2	dEndo − control	-0.0021399277518682	0.0058731550509809	1.0	1.0	other tested genes	-0.002139926118646327	0.0058731212867853015
Pak3	dEndo − control	-0.2311989922803079	-0.3256504703293762	1.0	1.0	other tested genes	-0.22918730280178093	-0.3201531922742965
Pak7	dEndo − control	-0.3064402749223588	-0.0220172428889117	1.0	1.0	other tested genes	-0.30183621572987734	-0.02201546443412214
Palld	dEndo − control	0.1962543694267614	0.3930208373866983	1.0	1.0	other tested genes	0.19501590189114942	0.38354755933874884
Pam	dEndo − control	-0.0916268652399599	-0.1650032916496282	1.0	1.0	other tested genes	-0.0914991385781968	-0.1642635866522052
Pamr1	dEndo − control	-0.3796794137792137	-0.0515996390110127	1.0	1.0	other tested genes	-0.3711026967804125	-0.05157676886653048
Pappa2	dEndo − control	0.3636271440910128	0.2727157193592718	1.0	1.0	other tested genes	0.35605608764717517	0.26944360306147425
Papss2	dEndo − control	-0.2256595089370849	-0.1785460385761558	1.0	1.0	other tested genes	-0.2237869291911752	-0.17761075881483426
Pard3	dEndo − control	-0.184321955939417	-0.2094936451896949	1.0	1.0	other tested genes	-0.18329388707550812	-0.20799077895222212
Pard3b	dEndo − control	-0.0571230479620895	-0.3044695410137265	1.0	1.0	other tested genes	-0.05709202766654567	-0.29995144846226773
Patj	dEndo − control	0.0651078535475119	0.0043702790326227	1.0	1.0	other tested genes	0.06506194202069714	0.0043702651211689324
Pax4	dEndo − control	0.355782674565098	0.0181299752663096	1.0	1.0	other tested genes	0.3486746420823251	0.018128982204788268
Pax6	dEndo − control	0.0738851185595907	-0.0373841644468043	1.0	1.0	other tested genes	0.07381805988662646	-0.0373754620517567
Pbx1	dEndo − control	-0.2355002569714846	-0.1442889975487168	1.0	1.0	other tested genes	-0.2333760339232342	-0.143792964476593
Pbx3	dEndo − control	-0.1229305420685265	-0.13170497426528	1.0	1.0	other tested genes	-0.1226230094637019	-0.13132715261868785
Pcbp3	dEndo − control	-0.116692107454722	-0.1843087879280589	1.0	1.0	other tested genes	-0.11642888356534853	-0.1832809371947184
Pcdh9	dEndo − control	-0.5392322186495501	-0.0613953587438185	1.0	1.0	other tested genes	-0.5160241404218194	-0.06135685351236577
Pclo	dEndo − control	-0.033211532078991	-0.079025045695768	1.0	1.0	other tested genes	-0.033205429688343155	-0.0789430246389269
Pcm1	dEndo − control	0.077633002624326	-0.0202976677044762	1.0	1.0	other tested genes	0.07755523252180087	-0.020296274205481808
Pcp4	dEndo − control	-0.2554679962604931	-0.1421099191755286	1.0	1.0	other tested genes	-0.25276776418353497	-0.1416358908347536
Pcsk1	dEndo − control	-0.3765386290952404	-0.2092074129664244	1.0	1.0	other tested genes	-0.3681649028516421	-0.2077106202444623
Pcsk1n	dEndo − control	-0.050965176666365	-0.3701767880235772	1.0	0.450088566287743	other tested genes	-0.050943139172062266	-0.3622049192123097
Pcsk2	dEndo − control	-0.0072961288249242	-0.0984848638065528	1.0	1.0	other tested genes	-0.00729606409340094	-0.098326349511403
Pcyt1b	dEndo − control	0.0519153171787715	-0.241612126633412	1.0	1.0	other tested genes	0.05189202505550663	-0.23932107333724167
Pdcd4	dEndo − control	-0.1603663040938514	-0.1069826261966677	1.0	1.0	other tested genes	-0.1596867730690211	-0.10677959575837723
Pde10a	dEndo − control	0.4036091144003917	0.2232724609613166	1.0	1.0	other tested genes	0.39338420951976627	0.22145783628553597
Pde1a	dEndo − control	0.3963368586331749	0.5470294889714684	1.0	1.0	other tested genes	0.38663203417487546	0.5228760074477992
Pde1c	dEndo − control	-0.0002558368603934	-0.0306775019958932	1.0	1.0	other tested genes	-0.00025583685760253977	-0.03067269221968846
Pde3b	dEndo − control	0.0023198619882408	0.0477022352670853	1.0	1.0	other tested genes	0.0023198599074225677	0.04768416266833231
Pde4d	dEndo − control	0.0473131918254465	0.3597056820736355	1.0	1.0	other tested genes	0.04729555751953825	0.35236839723571683
Pdia3	dEndo − control	-0.2034468216925871	-0.2540650812635415	1.0	1.0	other tested genes	-0.20206887123044626	-0.2514082751906941
Pdia4	dEndo − control	-0.0848516983085614	-0.1017454200559355	1.0	1.0	other tested genes	-0.0847502074267664	-0.1015706858526438
Pdia5	dEndo − control	0.309395387213299	0.264558025180175	1.0	1.0	other tested genes	0.30466047024072723	0.26156524790231145
Pdia6	dEndo − control	-0.125021903171298	-0.1569141902030644	1.0	1.0	other tested genes	-0.12469848092445496	-0.15627729682193642
Pdx1	dEndo − control	0.0899406062992815	0.0138808632700163	1.0	1.0	other tested genes	0.08981978597940339	0.013880417551654457
Peg10	dEndo − control	-0.6917139263002973	-0.2105372247466467	1.0	1.0	other tested genes	-0.6458651383817564	-0.20901207852518167
Peg3	dEndo − control	-0.1164614965616923	-0.1537684402368453	1.0	1.0	other tested genes	-0.11619982389794958	-0.15316882955795286
Peli2	dEndo − control	0.0697018149739837	-0.1553832482024997	1.0	1.0	other tested genes	0.06964549878788755	-0.15476468447689917
Pex5l	dEndo − control	-0.1427003842214637	-0.1461615938317747	1.0	1.0	other tested genes	-0.14222045833353159	-0.1456461205831029
Pgrmc1	dEndo − control	-0.2218519927415276	-0.0875728246160932	1.0	1.0	other tested genes	-0.2200712935905311	-0.08746127648742846
Phactr1	dEndo − control	-0.2102512204742097	0.0653788437032304	1.0	1.0	other tested genes	-0.20873220165611633	0.06533235724925876
Phactr4	dEndo − control	0.1205445172787131	0.0483383412464836	1.0	1.0	other tested genes	0.12025447155527208	0.04831953648941247
Phf21a	dEndo − control	-0.0868681464192659	-0.103143387944988	1.0	1.0	other tested genes	-0.0867592634969505	-0.1029613751375673
Phf3	dEndo − control	-0.0675644023337636	-0.0440770589683257	1.0	1.0	other tested genes	-0.06751310297547561	-0.04406279937419281
Phip	dEndo − control	0.0051277661959216	-0.0267313465989157	1.0	1.0	other tested genes	0.005127743724618588	-0.026728164075201986
Phkb	dEndo − control	-0.1925984147232737	-0.0565685154728842	1.0	1.0	other tested genes	-0.19142715006795846	-0.05653838898875405
Phldb2	dEndo − control	-0.3281459984354182	-0.2341439111910989	1.0	1.0	other tested genes	-0.3225251970816442	-0.23205560490507168
Pias1	dEndo − control	-0.1002290343746927	-0.0802213798550063	1.0	1.0	other tested genes	-0.10006197403396846	-0.08013558437287878
Pik3c2g	dEndo − control	0.1475788034963947	0.2866844082400063	1.0	1.0	other tested genes	0.14704828785134366	0.2828959156074448
Pim2	dEndo − control	0.2023092910221063	0.2067025480780201	1.0	1.0	other tested genes	0.20095405197597693	0.20525822199838317
Pitpnc1	dEndo − control	-0.210904487511618	-0.2595047498490469	1.0	1.0	other tested genes	-0.20937144932326618	-0.2566770053798532
Pkia	dEndo − control	0.1152374294090156	0.2258330319664077	1.0	1.0	other tested genes	0.1149838892115535	0.2239561928569107
Pkm	dEndo − control	-0.1325130117634459	-0.1153445082106323	1.0	1.0	other tested genes	-0.13212822981956068	-0.1150902633837304
Plcb1	dEndo − control	-0.3260519281689643	0.0475535148042663	1.0	1.0	other tested genes	-0.32053489673543	0.047535610599039255
Plcb4	dEndo − control	0.0855742663779601	-0.1200191437041646	1.0	1.0	other tested genes	0.08547016630723701	-0.11973285771772184
Plcl1	dEndo − control	-0.1314273662716882	-0.2499625077488333	1.0	1.0	other tested genes	-0.1310519165269591	-0.24743008856055193
Plcxd3	dEndo − control	-0.1639448494977482	0.022876582231972	1.0	1.0	other tested genes	-0.1632191768197165	0.022874587337550392
Plekha1	dEndo − control	-0.0556115701321177	-0.088322273648605	1.0	1.0	other tested genes	-0.055582945460839556	-0.08820784380077827
Plekha5	dEndo − control	-0.1520719083545755	-0.2020757441148054	1.0	1.0	other tested genes	-0.1514917929465357	-0.20072513741981204
Plin2	dEndo − control	-0.2797460076997005	-0.1756062469856761	1.0	1.0	other tested genes	-0.2762200978561894	-0.1747160018065643
Plk2	dEndo − control	-0.1556434695618712	0.0638333665414057	1.0	1.0	other tested genes	-0.15502181513470303	0.06379009554775562
Plut	dEndo − control	-0.1688482345469282	-0.4657243188613249	1.0	1.0	other tested genes	-0.16805605341215624	-0.4503465859562711
Plxna2	dEndo − control	-0.2252912802607997	-0.2399195448721872	1.0	1.0	other tested genes	-0.22342771831167835	-0.23767551489362426
Pnliprp1	dEndo − control	0.1134748603612528	-1.1688916570827543	1.0	1.0	other tested genes	0.11323273340780048	-0.9959047027825156
Pola1	dEndo − control	-0.2361260076415023	-0.1742916522896962	1.0	1.0	other tested genes	-0.23398507981136835	-0.17342107483819
Pou3f4	dEndo − control	0.0968746175427257	-0.2095473558123374	1.0	1.0	other tested genes	0.09672373082257849	-0.20804334810519076
Ppia	dEndo − control	-0.00835207491275	-0.011633959134599	1.0	1.0	other tested genes	-0.008351977812966807	-0.011633696709783078
Ppib	dEndo − control	-0.1402108425328163	-0.1687730432636243	1.0	1.0	other tested genes	-0.13975545704413414	-0.16798191112559066
Ppm1l	dEndo − control	-0.0221405059497641	0.0794914739480784	1.0	1.0	other tested genes	-0.022138697461941702	0.07940799473226766
Ppp1r12a	dEndo − control	-0.1360320031826842	-0.1870968730945362	1.0	1.0	other tested genes	-0.13561592002674835	-0.186022155990253
Ppp1r14b	dEndo − control	-0.1231601620207587	0.0464361703800943	1.0	1.0	other tested genes	-0.12285091066637027	0.04641949802854933
Ppp1r1a	dEndo − control	0.0832475850167018	0.1394281653982206	1.0	1.0	other tested genes	0.08315173045987077	0.1389803200232599
Ppp1r9a	dEndo − control	-0.0804715013838887	-0.0763263888197822	1.0	1.0	other tested genes	-0.08038490245298403	-0.07625247310024601
Ppp2r2b	dEndo − control	-0.0130125956113855	-0.1528013840980958	1.0	1.0	other tested genes	-0.013012228407337437	-0.1522129381899718
Ppp3ca	dEndo − control	-0.0278238875567226	-0.0935528910072029	1.0	1.0	other tested genes	-0.027820298742941566	-0.0934169609654261
Ppy	dEndo − control	-0.3097684424138539	0.1237525832017754	0.0125247731402844	2.7083783114459337e-17	other tested genes	-0.30501683875945285	0.12343886811371693
Prdm16	dEndo − control	-0.255990160133704	-0.2367650856601592	1.0	1.0	other tested genes	-0.25327364825932913	-0.23460700929135644
Prdx1	dEndo − control	-0.1569089845712654	-0.0916852374942203	1.0	1.0	other tested genes	-0.15627215411509565	-0.09155726717880543
Prdx2	dEndo − control	0.0936932795083136	0.0652884987830095	1.0	1.0	other tested genes	0.09355673820947585	0.06524220453210498
Prkg1	dEndo − control	-0.1503461318349134	-0.3225648449111887	1.0	1.0	other tested genes	-0.1497854138425536	-0.3172178891420925
Prkn	dEndo − control	-0.070207356368624	-0.0460014530775561	1.0	1.0	other tested genes	-0.07014980772897347	-0.045985244303715485
Prnp	dEndo − control	-0.0554155958968216	-0.1248054199247575	1.0	1.0	other tested genes	-0.055387272502259416	-0.12448366710673402
Prox1	dEndo − control	-0.1898885017031085	-0.1479109201784924	1.0	1.0	other tested genes	-0.18876547480347	-0.14737683800423498
Prox1os	dEndo − control	-0.114790756189307	-0.3245816405972049	1.0	1.0	other tested genes	-0.11454014135472687	-0.31913673349828825
Prrc2b	dEndo − control	-0.2062101652605332	-0.2195010176950221	1.0	1.0	other tested genes	-0.20477600892633008	-0.21777555363572176
Prrc2c	dEndo − control	-0.1182390780792294	-0.0882480294863398	1.0	1.0	other tested genes	-0.11796529055927661	-0.08813388729749778
Prune2	dEndo − control	-0.3433992310278442	-0.4180445110188076	1.0	1.0	other tested genes	-0.3369849800727844	-0.4067366531622954
Prxl2a	dEndo − control	0.3451786039274543	0.171147847959248	1.0	1.0	other tested genes	0.33866743010687256	0.1703231410288796
Psd3	dEndo − control	-0.1466250797471632	-0.2758129262421429	1.0	1.0	other tested genes	-0.14610471843746958	-0.2724305068628693
Psma3	dEndo − control	-0.0687159125963361	-0.05102595886251	1.0	1.0	other tested genes	-0.0686619491713102	-0.051003842488505306
Psmb2	dEndo − control	-0.1096608480532648	0.0102199490031941	1.0	1.0	other tested genes	-0.10944224120110956	0.0102197711037774
Psmb3	dEndo − control	-0.1317079323035156	-0.0970480535787227	1.0	1.0	other tested genes	-0.13133008533001486	-0.09689635728283666
Psmb5	dEndo − control	0.0673501078914519	0.040585128196862	1.0	1.0	other tested genes	0.06729929444725992	0.0405739947970602
Psmc2	dEndo − control	-0.0226338029557545	0.1016036403098075	1.0	1.0	other tested genes	-0.022631870892936164	0.10142963331218713
Ptbp3	dEndo − control	-0.1404633872329186	-0.2506702277935779	1.0	1.0	other tested genes	-0.140005551012708	-0.24811662670709322
Ptk2b	dEndo − control	-0.2648464324832309	-0.4617736081509953	1.0	1.0	other tested genes	-0.26184405300118063	-0.44676252238278935
Ptma	dEndo − control	-0.0073391664916845	-0.0553005427184572	1.0	1.0	other tested genes	-0.007339100607914409	-0.05527239521094795
Ptprd	dEndo − control	0.1810755988720206	-0.4585439646253358	1.0	1.0	other tested genes	0.18010039136858105	-0.443828599472631
Ptprk	dEndo − control	0.2039271773065153	0.1123542273662926	1.0	1.0	other tested genes	0.20253956196549988	0.11211917673843516
Ptprm	dEndo − control	0.0926904125218547	0.6219390247755471	1.0	1.0	other tested genes	0.09255819791151124	0.5875461989679364
Ptprn2	dEndo − control	-0.008621272729358	-0.0215058207046614	1.0	1.0	other tested genes	-0.008621165934983554	-0.021504163308076193
Ptprt	dEndo − control	0.8698355485598586	0.4992931864372626	1.0	1.0	other tested genes	0.7862771029986382	0.48057954243843054
Pum1	dEndo − control	-0.0932327048933475	-0.1637448965689638	1.0	1.0	other tested genes	-0.09309816215024032	-0.163021854917879
Purb	dEndo − control	-0.1766731831436633	-0.2303414096801561	1.0	1.0	other tested genes	-0.17576676239549874	-0.22835168206486794
Pwwp3b	dEndo − control	-0.397944459657156	-0.231572952157032	1.0	1.0	other tested genes	-0.3881261227691817	-0.22955163671705867
Pygl	dEndo − control	-0.5060939685342453	-0.5334527935247527	1.0	0.0340493497319544	other tested genes	-0.4866557823501012	-0.5109310272029575
Pyy	dEndo − control	-0.9180151989319318	0.5970409476883665	1.0	5.832658082082929e-05	other tested genes	-0.822197691303739	0.5662858766526536
Rab22a	dEndo − control	-0.0855389229192249	-0.1118343655325419	1.0	1.0	other tested genes	-0.08543495149848873	-0.11160255051618298
Rab3a	dEndo − control	0.0191688756414317	-0.0937842950829971	1.0	1.0	other tested genes	0.019167701915044747	-0.09364735652512664
Rab3c	dEndo − control	-0.1349721410550667	-0.4024776548510242	1.0	1.0	other tested genes	-0.1345656559393538	-0.39233478065322963
Rabgap1l	dEndo − control	-0.0422089483010633	-0.0535178823724406	1.0	1.0	other tested genes	-0.042196425127750584	-0.0534923679140622
Rack1	dEndo − control	-0.0350629229693206	0.0292471137369956	1.0	1.0	other tested genes	-0.03505574249811017	0.029242945708563527
Rai2	dEndo − control	-0.4700431081877038	0.1164447243305423	0.7843794792030876	1.0	other tested genes	-0.45425837252084333	0.1161831642498584
Ralgapa1	dEndo − control	-0.0553660339970821	-0.0485431724435147	1.0	1.0	other tested genes	-0.05533778645949701	-0.04852412778928542
Ralgapa2	dEndo − control	-0.0217366847925433	0.0334148991647323	1.0	1.0	other tested genes	-0.02173497345235179	0.03340868402219387
Rap1b	dEndo − control	-0.1447516421596333	0.0162058697077639	1.0	1.0	other tested genes	-0.14425085204635502	0.016205160433083177
Rap1gap2	dEndo − control	-0.1918084446341903	-0.2365617527322942	1.0	1.0	other tested genes	-0.19065137936898569	-0.23440914210151476
Rapgef4	dEndo − control	-0.1226747534704232	-0.1488049473965671	1.0	1.0	other tested genes	-0.12236912803115545	-0.14826118588352413
Rbfox3	dEndo − control	-0.0650675951860535	-0.1361199986872162	1.0	1.0	other tested genes	-0.06502176866474783	-0.13570311198128665
Rbm3	dEndo − control	-0.407076679996488	-0.2794390088188098	1.0	1.0	other tested genes	-0.39659780786203247	-0.27592443772009567
Rbm39	dEndo − control	-0.0205712896001861	-0.0513062577665496	1.0	1.0	other tested genes	-0.020569838990361956	-0.05128377520333347
Rbms1	dEndo − control	-0.1527667938649927	-0.301404207949628	1.0	1.0	other tested genes	-0.15217874474312074	-0.2970177746378932
Rbms3	dEndo − control	-0.2266938323269912	-0.2637314684254246	1.0	1.0	other tested genes	-0.22479577029061693	-0.26076610036401254
Rbp4	dEndo − control	0.2927625348867118	0.2706334199051692	1.0	1.0	other tested genes	0.28873395084629316	0.26743414013833905
Rcan2	dEndo − control	-0.291919136938352	-0.3894086184232816	1.0	1.0	other tested genes	-0.2879244356866348	-0.38018360517041816
Rere	dEndo − control	-0.0765695676110723	-0.1946201852761113	1.0	1.0	other tested genes	-0.07649494438649504	-0.19341206080898926
Resp18	dEndo − control	0.3688581812307158	0.3320157160429241	1.0	1.0	other tested genes	0.36096805414912586	0.3261999018951896
Rev3l	dEndo − control	-0.0787722409185292	-0.1368288758768933	1.0	1.0	other tested genes	-0.07869100306202542	-0.1364054784499816
Rfx3	dEndo − control	-0.1138292834990073	-0.1785030507082443	1.0	1.0	other tested genes	-0.11358488947750356	-0.17756844002894664
Rfx6	dEndo − control	-0.0018550488277015	0.0858061560345845	1.0	1.0	other tested genes	-0.0018550477637689076	0.08570120926228023
Rgs17	dEndo − control	-0.103476321652361	-0.1294727918582275	1.0	1.0	other tested genes	-0.10329254625157526	-0.1291137638255191
Rgs7	dEndo − control	-0.450733607483622	-0.0365680457480994	1.0	1.0	other tested genes	-0.4367185694382063	-0.03655990071605885
Rhobtb1	dEndo − control	-0.5287048298540103	-0.391611486666639	1.0	1.0	other tested genes	-0.5067377295160599	-0.382235562696421
Rian	dEndo − control	-0.0740055153424269	-0.1409820790802154	1.0	1.0	other tested genes	-0.07393812885375027	-0.14051918209689435
Rictor	dEndo − control	-0.2851668676276417	0.0331005450519994	1.0	1.0	other tested genes	-0.28143684555333737	0.033094503616445704
Rimbp2	dEndo − control	-0.1842075310070271	-0.1206590670484692	1.0	1.0	other tested genes	-0.18318135659810142	-0.1203681972523233
Rims2	dEndo − control	-0.0253246046251841	-0.0405550812500223	1.0	1.0	other tested genes	-0.02532189847769373	-0.04054397254737504
Rmnd5a	dEndo − control	-0.0837246830366863	-0.1881064804400784	1.0	1.0	other tested genes	-0.08362717444583187	-0.18701445265351269
Rnf130	dEndo − control	-0.1999801261683224	-0.0599177515296766	1.0	1.0	other tested genes	-0.1986706224167072	-0.05988195717196288
Ro60	dEndo − control	-0.1219471379965882	-0.0811664702828609	1.0	1.0	other tested genes	-0.12164689481037134	-0.08107761272968105
Robo1	dEndo − control	-0.3886212666369542	-0.0522688711819139	1.0	1.0	other tested genes	-0.3794498208871431	-0.05224510033126189
Robo2	dEndo − control	-0.4323636673038371	-0.3509869956211451	1.0	1.0	other tested genes	-0.4199139955602881	-0.3441529957129827
Rock1	dEndo − control	0.0354153975418331	0.0395584463762353	1.0	1.0	other tested genes	0.03540799842124149	0.0395481363260279
Romo1	dEndo − control	-0.177961787883447	-0.1290938811561016	1.0	1.0	other tested genes	-0.1770355747516924	-0.12873798056623895
Ror2	dEndo − control	-0.3868315189222561	-0.22715381738546	1.0	1.0	other tested genes	-0.37778111333504577	-0.22524435062995
Rora	dEndo − control	0.0073799491623165	0.0435543868380675	1.0	1.0	other tested genes	0.007379882174130689	0.04354062824615244
Rph3al	dEndo − control	-0.2345055516272799	-0.0852911957033992	1.0	1.0	other tested genes	-0.23240770786272452	-0.08518812304414812
Rpn1	dEndo − control	-0.1342428105954991	-0.0425743020428984	1.0	1.0	other tested genes	-0.13384284447062897	-0.04256145102990956
Rpn2	dEndo − control	-0.0200615340432378	-0.183462829787767	1.0	1.0	other tested genes	-0.020060188608849065	-0.18244892889256
Rragb	dEndo − control	-0.1107421867036004	-0.0739947853020955	1.0	1.0	other tested genes	-0.11051707291774748	-0.07392742807227677
Rtl4	dEndo − control	0.7859596087797764	-0.53985854638128	1.0	1.0	other tested genes	0.7216669711198685	-0.5165753543060707
Runx1t1	dEndo − control	-0.135071307812438	-0.1484131537832609	1.0	1.0	other tested genes	-0.13466393092373888	-0.14787364821987156
Rwdd1	dEndo − control	0.1356074981931271	0.0768432703360797	1.0	1.0	other tested genes	0.13519527711154117	0.07676784543040946
S100a10	dEndo − control	-0.5109089837361208	0.1874899558379523	1.0	1.0	other tested genes	-0.49094776739256946	0.18640852053354529
S100a11	dEndo − control	-0.1189469835409783	-0.1051057285007076	1.0	1.0	other tested genes	-0.11866826980948769	-0.10491316334649578
Samd5	dEndo − control	-0.0754488704902333	0.1770794837225056	1.0	1.0	other tested genes	-0.07537747072090079	0.176166852709966
Sar1b	dEndo − control	-0.0466267115037364	-0.0354110210882672	1.0	1.0	other tested genes	-0.04660983320883448	-0.03540362470934225
Sbf2	dEndo − control	-0.1487912047735452	-0.0854648156764577	1.0	1.0	other tested genes	-0.14824759291669642	-0.0853611136625765
Scaper	dEndo − control	0.0358328301613534	0.0771021404649251	1.0	1.0	other tested genes	0.03582516641242419	0.07702595207297383
Scg2	dEndo − control	0.265901077414145	-0.0133653638600955	1.0	1.0	other tested genes	0.26286341512317635	-0.013364965976346984
Scg3	dEndo − control	-0.1675670669494685	-0.1411765121469156	1.0	1.0	other tested genes	-0.16679263469028915	-0.14071170863984808
Scgn	dEndo − control	-0.2478721413271744	-0.2240710387555375	1.0	1.0	other tested genes	-0.24540161984757736	-0.2222371576151061
Schip1	dEndo − control	-0.1995684210145243	-0.3731473411324092	1.0	1.0	other tested genes	-0.19826689478536408	-0.36498937792884184
Scin	dEndo − control	-0.1789948647666084	-1.1031919719169836	1.0	1.0	other tested genes	-0.17805258046481537	-0.9524923778897143
Sct	dEndo − control	0.5445780430283653	-0.0394169697444561	1.0	1.0	other tested genes	0.5207242100113044	-0.03940676986631765
Sdcbp	dEndo − control	-0.0864089811787405	-0.1367879284266587	1.0	1.0	other tested genes	-0.08630181192138907	-0.13636490890047434
Sdf2l1	dEndo − control	0.136605324101903	-0.2770629391760796	1.0	1.0	other tested genes	0.13618398710186258	-0.27363533201199813
Sdk1	dEndo − control	-0.0801759297652672	-0.1827775309364266	1.0	1.0	other tested genes	-0.08009027974532229	-0.181774838988954
Sec11a	dEndo − control	-0.0198974293396492	0.016048262003111	1.0	1.0	other tested genes	-0.01989611664927384	0.016047573220079662
Sec11c	dEndo − control	-0.0536100751903042	-0.1944960631535158	1.0	1.0	other tested genes	-0.053584428760606165	-0.1932902232190814
Sec24d	dEndo − control	-0.1732577541742129	-0.1133673748539974	1.0	1.0	other tested genes	-0.1724024425229127	-0.1131259326664193
Sec61b	dEndo − control	0.0506539357055364	0.0901381204599762	1.0	1.0	other tested genes	0.05063229918781449	0.09001650434299006
Sec61g	dEndo − control	-0.076253931207548	-0.045471090945753	1.0	1.0	other tested genes	-0.07618022543052305	-0.04545543601682659
Selenof	dEndo − control	-0.0919655703622475	0.0426141312595158	1.0	1.0	other tested genes	-0.09183642559784932	0.04260124416519033
Selenok	dEndo − control	0.0546777913416371	-0.0252609182200308	1.0	1.0	other tested genes	0.05465058325459316	-0.025258232433636514
Selenom	dEndo − control	-0.3317209368146965	-0.4290891317622018	1.0	1.0	other tested genes	-0.3259201270470685	-0.4169065746080011
Selenos	dEndo − control	0.0250789244921424	-0.1310599170872724	1.0	1.0	other tested genes	0.025076296327404428	-0.13068759167621777
Sem1	dEndo − control	-0.1111285511034359	-0.0867309559565745	1.0	1.0	other tested genes	-0.11090108160939982	-0.08662258693988516
Serf2	dEndo − control	0.0385041519317283	0.0418785184023	1.0	1.0	other tested genes	0.0384946440919804	0.04186628689028618
Serp1	dEndo − control	-0.0190803047444831	-0.088949529649892	1.0	1.0	other tested genes	-0.01907914721108382	-0.08883265025311081
Serpina1c	dEndo − control	-0.0338109375553482	-0.3239464345244282	1.0	1.0	other tested genes	-0.033804498871949785	-0.3185325003047704
Serpina1e	dEndo − control	0.2186117096794817	-0.3254948174535892	1.0	1.0	other tested genes	0.21690684424028883	-0.32000518602028555
Serpine2	dEndo − control	0.5555538296243921	0.2518102495642488	1.0	1.0	other tested genes	0.5303410898313475	0.2492222868238799
Sesn2	dEndo − control	0.3946059147645393	0.1349959984052708	1.0	1.0	other tested genes	0.38502239192565046	0.13458929886655158
Setbp1	dEndo − control	-0.0878678718219305	-0.0548139091736501	1.0	1.0	other tested genes	-0.08775519502835749	-0.05478649756394291
Sgce	dEndo − control	-0.1918723389668991	-0.1552537957295657	1.0	1.0	other tested genes	-0.19071412944720822	-0.15463676575478158
Sgms1	dEndo − control	-0.2649784995561042	-0.3100846120483908	1.0	1.0	other tested genes	-0.2619717164045044	-0.30531883677607896
Sh3bgrl	dEndo − control	-0.057425313402373	-0.1501030654305381	1.0	1.0	other tested genes	-0.05739379855661331	-0.14954504456524106
Sh3d19	dEndo − control	-0.0800203142264986	0.0223652475298752	1.0	1.0	other tested genes	-0.07993516100949136	0.022363383417288177
Sh3gl2	dEndo − control	-0.4197906680921349	-0.3022223641347455	1.0	1.0	other tested genes	-0.40834720034525107	-0.2978010341381576
Sh3pxd2a	dEndo − control	-0.4943345265291594	0.0316036144544867	1.0	1.0	other tested genes	-0.4761387384945154	0.03159835593011512
Shroom3	dEndo − control	-0.2487500222639496	-0.3849092064288459	1.0	1.0	other tested genes	-0.24625362693755753	-0.37598768673805166
Sik3	dEndo − control	-0.1590458643531678	-0.1678773150891707	1.0	1.0	other tested genes	-0.15838285756805384	-0.16709860903530577
Sim1	dEndo − control	0.0851110458689599	-0.3706656435541551	1.0	1.0	other tested genes	0.08500862354600389	-0.3626633352858799
Slc16a10	dEndo − control	-0.1688270897490353	-0.1002726515878566	1.0	1.0	other tested genes	-0.16803520369870342	-0.10010537370398655
Slc25a4	dEndo − control	0.0926014581219931	0.094015373045962	1.0	1.0	other tested genes	0.09246962283135092	0.0938774224473441
Slc25a5	dEndo − control	-0.1589160830195413	-0.0240843845079944	1.0	1.0	other tested genes	-0.15825468589330163	-0.024082056727266918
Slc30a8	dEndo − control	-1.5982411459039998	-0.5766466272296071	7.430308956145585e-23	1.0	other tested genes	-1.248050768495426	-0.548696679697452
Slc35b1	dEndo − control	-0.1476842497085606	-0.0509340060670665	1.0	1.0	other tested genes	-0.1471526034086186	-0.0509120089514383
Slc38a1	dEndo − control	-0.2143473999354435	-0.2725176194320011	1.0	1.0	other tested genes	-0.2127390769402889	-0.26925247805382724
Slc38a5	dEndo − control	-0.2332414940620567	0.1046169381093949	1.0	1.0	other tested genes	-0.23117686387167785	0.10442703834356905
Slc39a11	dEndo − control	-0.3360913073389504	-0.2038143374725565	1.0	1.0	other tested genes	-0.33006550961516157	-0.2024289964724941
Slc4a7	dEndo − control	-0.197016948546016	-0.009491641491805	1.0	1.0	other tested genes	-0.19576415241558914	-0.00949149897859515
Slc6a6	dEndo − control	-0.1241651024504421	-0.0979408228770737	1.0	1.0	other tested genes	-0.12384825407972616	-0.09778491360273521
Slc7a14	dEndo − control	-0.0882394406809478	-0.1175242066569557	1.0	1.0	other tested genes	-0.08812533173839396	-0.11725533493344797
Slc7a2	dEndo − control	0.206938787512437	-0.0760303848660902	1.0	1.0	other tested genes	0.20548956540799448	-0.07595732430462232
Slc8a1	dEndo − control	0.0855087828950441	-0.0515700810896719	1.0	1.0	other tested genes	0.0854049211003264	-0.051547250193659654
Slco2a1	dEndo − control	-0.5320307195494554	-0.1555293170828901	1.0	1.0	other tested genes	-0.5096759479147259	-0.1549090197186511
Slitrk6	dEndo − control	0.3287656181908968	0.0326238323104374	1.0	1.0	other tested genes	0.32311387569697025	0.0326180480777117
Smarca1	dEndo − control	-0.2294065832854709	-0.2898089428717886	1.0	1.0	other tested genes	-0.22744061710979635	-0.28589821305305635
Smdt1	dEndo − control	0.0105575771442578	-0.0232446933461647	1.0	1.0	other tested genes	0.01055738102521829	-0.023242600609231417
Snd1	dEndo − control	-0.1064835827750474	-0.2128885358099584	1.0	1.0	other tested genes	-0.10628337082364071	-0.21131240129389023
Snrpe	dEndo − control	-0.0230288669425056	0.0269951416011965	1.0	1.0	other tested genes	-0.02302683194988837	0.026991863946498208
Snx24	dEndo − control	0.1889538727547007	-0.0356414641227848	1.0	1.0	other tested genes	0.18784717517272495	-0.035633922458183136
Soat1	dEndo − control	-0.3311629291639298	-0.273642979558701	1.0	1.0	other tested genes	-0.3253904547340822	-0.27033808740278964
Sorbs2	dEndo − control	0.024107110810059	0.03615368295844	1.0	1.0	other tested genes	0.024104776434699614	0.03614581157513608
Sorcs2	dEndo − control	0.0326567198963473	-0.1489415930305738	1.0	1.0	other tested genes	0.032650918158592605	-0.14839634197629598
Sox4	dEndo − control	-0.1409731611028952	-0.2177723703983787	1.0	1.0	other tested genes	-0.14051035144110705	-0.21608679829914537
Sox5	dEndo − control	0.0402859675971239	-0.0031428212100585	1.0	1.0	other tested genes	0.04027507846773517	-0.003142816036303662
Sox6	dEndo − control	-0.3212296117741397	-0.1116670238814582	1.0	1.0	other tested genes	-0.31594688277080296	-0.11143624407882285
Spats2	dEndo − control	-0.3275893235978147	-0.1663464735786586	1.0	1.0	other tested genes	-0.3219962280240303	-0.16558870555804087
Spcs1	dEndo − control	0.0305121000041135	0.1097663425832777	1.0	1.0	other tested genes	0.030507367585386545	0.10954710648345722
Spcs2	dEndo − control	-0.0931906226598273	-0.1020582026993579	1.0	1.0	other tested genes	-0.09305626154794983	-0.10188185706957491
Spcs3	dEndo − control	-0.0354481400419807	-0.2529499249937569	1.0	1.0	other tested genes	-0.03544072038808392	-0.2503273127401259
Sphkap	dEndo − control	-0.198274229269867	-0.2586837453821377	1.0	1.0	other tested genes	-0.19699757282332403	-0.25588224376986135
Spink4	dEndo − control	-0.0639112112676705	-0.4051210574653758	1.0	1.0	other tested genes	-0.0638677819678448	-0.39478589362018546
Spint2	dEndo − control	-0.1995263695192016	-0.0732308983322606	1.0	1.0	other tested genes	-0.19822565631620442	-0.07316560244148396
Spock1	dEndo − control	0.3248183457947641	-0.2154024764000089	1.0	1.0	other tested genes	0.3193618680508188	-0.21377060852552343
Spock2	dEndo − control	-0.3732996352617362	-0.305328260077408	1.0	1.0	other tested genes	-0.36513205852631075	-0.30077283635643787
Spp1	dEndo − control	-1.3603552617774692	-0.706120859468881	4.2241077161646075e-14	1.0	other tested genes	-1.1147209512073804	-0.6576737596814122
Sptan1	dEndo − control	-0.1416070584889704	-0.127908637688417	1.0	1.0	other tested genes	-0.14113801478719204	-0.12756240332644145
Srgap2	dEndo − control	-0.0845980834655864	-0.1749685462435695	1.0	1.0	other tested genes	-0.08449749797559161	-0.17408787783287855
Srm	dEndo − control	-0.1110303018141935	0.1350041886281817	1.0	1.0	other tested genes	-0.11080343289938219	0.13459741546085055
Srp9	dEndo − control	-0.1527123057483577	-0.2416499822958256	1.0	1.0	other tested genes	-0.15212488130421223	-0.23935787003924763
Srrm2	dEndo − control	-0.0625880166316782	-0.1864537537020835	1.0	1.0	other tested genes	-0.06254722624094458	-0.1853899690075493
Srsf3	dEndo − control	-0.0637275205767357	-0.0368422516309484	1.0	1.0	other tested genes	-0.06368446421629909	-0.03683392207009202
Srsf7	dEndo − control	-0.0783989374312827	0.0104238932245372	1.0	1.0	other tested genes	-0.07831884696936169	0.010423704461317004
Ssr2	dEndo − control	0.0163350756349292	0.1257524608117396	1.0	1.0	other tested genes	0.01633434926132205	0.1254233624980195
Ssr3	dEndo − control	-0.1627759297736397	-0.2318281030049698	1.0	1.0	other tested genes	-0.162065549016697	-0.22980020263974976
Ssr4	dEndo − control	-0.0008589403056669	-0.0149462328468852	1.0	1.0	other tested genes	-0.000858940200048994	-0.014945676429966274
St13	dEndo − control	-0.0852074186412742	-0.1347733342246429	1.0	1.0	other tested genes	-0.08510464875532109	-0.13436863302116553
St18	dEndo − control	0.0826692121919741	-0.1384630485409775	1.0	1.0	other tested genes	0.08257533763753762	-0.1380243866571196
St5	dEndo − control	-0.3590615116391669	-0.2128299199046277	1.0	1.0	other tested genes	-0.3517621863916459	-0.21125506981804468
St6gal1	dEndo − control	-1.162463678336445	-0.8321172402538524	0.9044862434105972	1.0	other tested genes	-0.9917193825197285	-0.7575516292099383
St6galnac5	dEndo − control	0.0115747448397832	-0.0176369837648987	1.0	1.0	other tested genes	0.011574486401500942	-0.017636069523443106
Stmn1	dEndo − control	-0.5554507960331152	-0.2679565232234981	1.0	1.0	other tested genes	-0.5302510202320841	-0.2648493287562397
Stox2	dEndo − control	-0.1016787879200707	-0.0280958204307294	1.0	1.0	other tested genes	-0.10150439573182064	-0.028092125386164388
Strbp	dEndo − control	-0.1572284486703373	-0.0735962429291717	1.0	1.0	other tested genes	-0.15658774897719344	-0.07352996647630564
Stt3a	dEndo − control	-0.0555474740577893	-0.073621717339259	1.0	1.0	other tested genes	-0.055518948156804214	-0.07355537215181569
Stxbp5	dEndo − control	-0.1509339696859614	-0.1944453340221822	1.0	1.0	other tested genes	-0.15036669336230832	-0.19324042696802768
Stxbp5l	dEndo − control	-0.2691620662861685	-0.1302024682128945	1.0	1.0	other tested genes	-0.2660136161104729	-0.12983736647727687
Sub1	dEndo − control	-0.026078959053531	0.0321687682466099	1.0	1.0	other tested genes	-0.026076003855257057	0.03216322262946774
Supt20	dEndo − control	-0.1697996453897441	-0.1304232569995783	1.0	1.0	other tested genes	-0.1689941119031204	-0.13005630415038574
Surf4	dEndo − control	-0.1454930385112842	-0.1038072492072785	1.0	1.0	other tested genes	-0.14498456248670405	-0.10362171064781107
Syne2	dEndo − control	-0.3232808486373592	-0.1095000216702772	1.0	1.0	other tested genes	-0.3178992478918285	-0.10928237179966348
Syt13	dEndo − control	-0.0614058721549887	-0.0453263919258545	1.0	1.0	other tested genes	-0.06136734716142921	-0.045310885882595825
Sytl5	dEndo − control	0.0313643787683325	-0.0536608464567303	1.0	1.0	other tested genes	0.0313592387266879	-0.053635127155772545
Tanc2	dEndo − control	-0.4809452879314181	-0.4716553523165827	1.0	1.0	other tested genes	-0.4641041618944712	-0.45571701439769996
Taok3	dEndo − control	-0.2152973898367434	-0.3050432684170574	1.0	1.0	other tested genes	-0.21366787708254	-0.3005002559812082
Tbcb	dEndo − control	-0.0263040928613699	0.086669243397242	1.0	1.0	other tested genes	-0.026301060481879537	0.08656110502486807
Tcf12	dEndo − control	-0.0629306463952071	-0.003499364234622	1.0	1.0	other tested genes	-0.06288918322589607	-0.0034993570927213777
Tcf20	dEndo − control	-0.3246424823629563	-0.1818756675215443	1.0	1.0	other tested genes	-0.31919460268586775	-0.18088760223700864
Tcf7l2	dEndo − control	-0.0999046681350057	-0.0194809552600992	1.0	1.0	other tested genes	-0.09973921970058788	-0.019479723275330006
Tead1	dEndo − control	-0.4693798562420498	-0.3715636084315232	1.0	1.0	other tested genes	-0.45365804713352986	-0.3635051964741498
Tecr	dEndo − control	-0.251306619023653	-0.1808717162369185	1.0	1.0	other tested genes	-0.24873387305790737	-0.17989976762610072
Tenm3	dEndo − control	0.3441181276008496	-0.1865208315501185	1.0	1.0	other tested genes	0.3376648291052088	-0.18545591002298006
Tff3	dEndo − control	0.7337231155912537	-1.000416717258306	1.0	1.0	other tested genes	0.6800747783147151	-0.8816682199230093
Thoc2	dEndo − control	-0.0751893765898693	-0.0675386119598969	1.0	1.0	other tested genes	-0.0751187097548875	-0.06748737124438237
Thra	dEndo − control	-0.2537252216305966	-0.3281438987428861	1.0	1.0	other tested genes	-0.2510788670340811	-0.32252320205490226
Tm4sf4	dEndo − control	-0.1738572969359379	-0.015338584562048	1.0	1.0	other tested genes	-0.1729931545072829	-0.015337983168688113
Tmbim4	dEndo − control	-0.1031194207741115	-0.0558106411581784	1.0	1.0	other tested genes	-0.10293753441732782	-0.055781708272761216
Tmcc1	dEndo − control	-0.1521205273325234	-0.0371238665973197	1.0	1.0	other tested genes	-0.15153985913927756	-0.03711534464390819
Tmed10	dEndo − control	-0.0246797793894189	-0.0184721472616721	1.0	1.0	other tested genes	-0.02467727470185224	-0.018471096911238667
Tmed2	dEndo − control	-0.0948543762202979	-0.0707468824451127	1.0	1.0	other tested genes	-0.09471270934335758	-0.07068799885046913
Tmed3	dEndo − control	-0.0279572434571195	0.1586921313620634	1.0	1.0	other tested genes	-0.027953602805793766	0.15803350581308587
Tmed9	dEndo − control	0.1597693453619139	-0.0070185230340914	1.0	1.0	other tested genes	0.1590973180077834	-0.007018465413685733
Tmem108	dEndo − control	-0.1325676886775056	-0.1708058865643517	1.0	1.0	other tested genes	-0.1321824327166674	-0.169986070945827
Tmem131l	dEndo − control	-0.3090488866265276	-0.0341880509872166	1.0	1.0	other tested genes	-0.3043294349248142	-0.03418139452530412
Tmem14c	dEndo − control	-0.0856117457344705	-0.0371870153807577	1.0	1.0	other tested genes	-0.08550750912359387	-0.037178449883122244
Tmem160	dEndo − control	-0.1703349111814646	-0.0766446351984504	1.0	1.0	other tested genes	-0.16952180094085598	-0.07656979266604282
Tmem163	dEndo − control	-0.3237576247866049	-0.1515771170895591	1.0	1.0	other tested genes	-0.3183528752946158	-0.15100260759334017
Tmem167	dEndo − control	-0.0385812288709191	-0.1228531471430153	1.0	1.0	other tested genes	-0.038571663844460216	-0.12254619242554161
Tmem178b	dEndo − control	-0.0009932173322652	0.2236394971070315	1.0	1.0	other tested genes	-0.0009932171689669893	0.2218160383863768
Tmem258	dEndo − control	-0.0770961150085431	-0.0707907886023745	1.0	1.0	other tested genes	-0.07701994444563193	-0.07073179547296264
Tmsb10	dEndo − control	-0.7639034571305866	-0.6285562510762158	0.0607073111126922	0.0489092639556592	other tested genes	-0.7042328512005119	-0.5931569699375805
Tmsb15b1	dEndo − control	-0.2192388981303149	-0.021204445047496	1.0	1.0	other tested genes	-0.21751952221009008	-0.021202856348487103
Tmsb15b2	dEndo − control	0.0527825181106967	0.400531439283954	1.0	1.0	other tested genes	0.052758040154534155	0.39052870353511004
Tmsb4x	dEndo − control	0.0424921971718305	0.2199086228863606	1.0	0.5733061943381863	other tested genes	0.04247942032528025	0.21817366363195256
Tmtc2	dEndo − control	-0.1309516430518928	-0.2594062314287332	1.0	1.0	other tested genes	-0.13058023497713034	-0.2565816444021341
Tnr	dEndo − control	-0.0466485689021476	0.4469623247033775	1.0	1.0	other tested genes	-0.04663166687527212	0.4332779747009155
Tnrc6b	dEndo − control	-0.0187645251518915	-0.03536667864457	1.0	1.0	other tested genes	-0.018763424138296042	-0.03535931000618382
Tomm7	dEndo − control	0.0537976268749054	0.0632245713268193	1.0	1.0	other tested genes	0.05377171056931202	0.0631825251635795
Tox	dEndo − control	-0.1652017923961631	-0.0222029350522996	1.0	1.0	other tested genes	-0.16445943603091698	-0.022201111225511043
Tox3	dEndo − control	-0.1247368723865696	-0.1248220237451498	1.0	1.0	other tested genes	-0.12441564698692904	-0.1245001430878382
Tpm1	dEndo − control	-0.1434594611967582	-0.1552733041286149	1.0	1.0	other tested genes	-0.14297188273004102	-0.15465604317933382
Tpr	dEndo − control	-0.0489606104290399	-0.0728656660233735	1.0	1.0	other tested genes	-0.04894107058211993	-0.07280134070126602
Tpt1	dEndo − control	0.039276583028863	0.0521833933354124	1.0	1.0	other tested genes	0.03926649169598797	0.05215973882021292
Tram1	dEndo − control	-0.193545907062058	-0.2064524802193042	1.0	1.0	other tested genes	-0.1923574614799679	-0.2050133249526037
Trerf1	dEndo − control	-0.2150367683750374	-0.1596376591200654	1.0	1.0	other tested genes	-0.21341308688722024	-0.1589672796524477
Trim35	dEndo − control	-0.1082360838095009	-0.236353250161778	1.0	1.0	other tested genes	-0.10802585834280853	-0.23420623487282194
Triqk	dEndo − control	0.0965144948943081	-0.1223455038617935	1.0	1.0	other tested genes	0.09636528000568495	-0.12204232176398963
Trpm3	dEndo − control	0.4356426748996952	0.3151780288644548	1.0	1.0	other tested genes	0.42292193128833366	0.31018021585302225
Tshz2	dEndo − control	-0.3794531636894082	-0.2088523814122126	1.0	1.0	other tested genes	-0.37089117146406514	-0.20736309971695097
Tspan7	dEndo − control	-0.0014079419762167	0.0316190899620561	1.0	1.0	other tested genes	-0.0014079415110564088	0.03161382371131053
Tssc4	dEndo − control	0.0435911956143464	0.0817507624888548	1.0	1.0	other tested genes	0.043577402129753584	0.08165997598467918
Ttr	dEndo − control	-0.2191003212127173	-0.172758697024447	1.0	1.0	other tested genes	-0.21738415828541785	-0.17191069063670594
Tuba1a	dEndo − control	-0.4746129323173623	-0.446109295457912	1.0	1.0	other tested genes	-0.45839045966062414	-0.4324990724877771
Tuba1b	dEndo − control	-0.4866397017288267	-0.4721360421299006	1.0	1.0	other tested genes	-0.46923019644013436	-0.45615173230212214
Tubb2a	dEndo − control	-0.4129068199814266	-0.4430773960946741	1.0	1.0	other tested genes	-0.4019921678943457	-0.4297286414046868
Tubb3	dEndo − control	-0.2150454937098777	-0.3042620054370938	1.0	1.0	other tested genes	-0.21342161721824118	-0.2997529055896524
Tubb4b	dEndo − control	-0.1415209257131999	-0.1524440360153783	1.0	1.0	other tested genes	-0.14105273231831725	-0.15185968075935558
Tubb5	dEndo − control	-0.2721576656386676	-0.2698181701688144	1.0	1.0	other tested genes	-0.26890517333036185	-0.26664711908726446
Tut4	dEndo − control	-0.0544038392635312	-0.1225876050285814	1.0	1.0	other tested genes	-0.05437703773321704	-0.12228262757673775
Txn1	dEndo − control	-0.1643152622923737	-0.058895917046391	1.0	1.0	other tested genes	-0.16358469898878888	-0.0588619210886019
Txnip	dEndo − control	-0.4231074527130826	-0.4954096205540652	1.0	1.0	other tested genes	-0.4114036322131025	-0.47710230011265553
Uba52	dEndo − control	-1.149781898766055	-1.0698691217271077	3.706984942309398e-20	1.4994158817792696e-16	shared decrease (q < 0.05)	-0.9834230326938914	-0.9299258364585293
Ubap2l	dEndo − control	-0.0749841526997219	-0.1146961363853125	1.0	1.0	other tested genes	-0.07491406195863823	-0.11444613835171218
Ubb	dEndo − control	-0.4167927786684779	-0.3110122614877333	1.0	1.0	other tested genes	-0.4055815165805479	-0.3062047503884641
Ubc	dEndo − control	-0.1866810346059794	-0.1324672299720299	1.0	1.0	other tested genes	-0.18561339473765584	-0.13208284463269454
Ube2b	dEndo − control	-0.1123343618377312	-0.126690494009152	1.0	1.0	other tested genes	-0.11209943539934102	-0.12635401147270903
Ube2e2	dEndo − control	-0.0711059886040639	0.0332480959435163	1.0	1.0	other tested genes	-0.07104620514880286	0.033241973382284365
Ube2e3	dEndo − control	0.0467464742219088	-0.0600290645636853	1.0	1.0	other tested genes	0.04672946562023049	-0.059993070558425704
Ubl3	dEndo − control	-0.1202259396116997	-0.2271136522322202	1.0	1.0	other tested genes	-0.11993817760639491	-0.22520518309321086
Ubl5	dEndo − control	-0.0840930587713575	-0.0889864760959977	1.0	1.0	other tested genes	-0.08399426017513344	-0.08886945134036264
Ubqln2	dEndo − control	-0.1597026073119672	-0.2768805996455876	1.0	1.0	other tested genes	-0.15903141543328253	-0.27345960813335474
Ubr2	dEndo − control	0.0237645989575942	-0.0727481412453302	1.0	1.0	other tested genes	0.02376236265859171	-0.07268412618069113
Ubr5	dEndo − control	-0.2576620390414781	-0.1922624280862246	1.0	1.0	other tested genes	-0.25489297466693833	-0.1910972165372216
Ufc1	dEndo − control	0.1161996227698332	0.1467296100800279	1.0	1.0	other tested genes	0.11593970426543948	0.14620814214918673
Ufm1	dEndo − control	-0.0182016405413064	0.0113819004508877	1.0	1.0	other tested genes	-0.01820063565804781	0.011381654715455339
Uggt1	dEndo − control	-0.007648989667187	-0.1728475023229065	1.0	1.0	other tested genes	-0.007648915082522858	-0.1719981990059689
Unc5c	dEndo − control	0.340128068356071	0.1667844958214098	1.0	1.0	other tested genes	0.33388960090837916	0.1660207751209599
Unc79	dEndo − control	0.0848273921789952	0.0023614928002086	1.0	1.0	other tested genes	0.08472598830250282	0.0023614906053449946
Uqcc2	dEndo − control	-0.016540239147344	0.0488484821230059	1.0	1.0	other tested genes	-0.016539485061753276	0.04882907612219874
Uqcr10	dEndo − control	-0.1271616842621662	-0.0073808495702013	1.0	1.0	other tested genes	-0.126821451482074	-0.00738078255749375
Uqcr11	dEndo − control	-0.0889498682307838	-0.0558242347159187	1.0	1.0	other tested genes	-0.08883298750246452	-0.05579528070390326
Uqcrb	dEndo − control	-9.757623200995186e-05	0.0102709824963654	1.0	1.0	other tested genes	-9.757623185511268e-05	0.010270801918672138
Uqcrq	dEndo − control	0.0045343174168615	-0.0204444311089444	1.0	1.0	other tested genes	0.004534301879384879	-0.020443007167379557
Usp29	dEndo − control	-0.1350621295219896	-0.0396198937100133	1.0	1.0	other tested genes	-0.13465483522481508	-0.03960953556304915
Usp9x	dEndo − control	-0.1631145636244579	-0.1376690254438816	1.0	1.0	other tested genes	-0.16239977489232735	-0.13723782499921452
Utrn	dEndo − control	-0.1581851216951191	-0.2352990350655173	1.0	1.0	other tested genes	-0.15753274247452878	-0.2331801656748808
Vat1l	dEndo − control	-0.2084312754301721	-0.4114620113732193	1.0	1.0	other tested genes	-0.20695087061828	-0.4006563825457638
Vcp	dEndo − control	-0.0667433280484199	-0.0404434003585515	1.0	1.0	other tested genes	-0.06669387384977331	-0.040432383132305634
Vegfa	dEndo − control	-0.1895041300618751	-0.1465018375361218	1.0	1.0	other tested genes	-0.1883878376923587	-0.14598277894953898
Vps35	dEndo − control	-0.1582748203627255	-0.2245324123375959	1.0	1.0	other tested genes	-0.15762133891617297	-0.22268734540190174
Vps8	dEndo − control	-0.2207859215757862	-0.0952750226448999	1.0	1.0	other tested genes	-0.21903041003951731	-0.09513146779862083
Vwa5b2	dEndo − control	-0.1395069188636846	-0.0570091836052457	1.0	1.0	other tested genes	-0.13905831855970968	-0.0569783482601666
Wasl	dEndo − control	-0.2139679565944351	-0.1029081438914141	1.0	1.0	other tested genes	-0.21236804659729092	-0.10272736970929909
Wdr49	dEndo − control	-0.144259606412934	0.0829717074180009	1.0	1.0	other tested genes	-0.14376387453616699	0.08287680072721297
Wfs1	dEndo − control	0.0328410259514853	0.1033459183282534	1.0	1.0	other tested genes	0.03283512545981935	0.10316283464207852
Wipi1	dEndo − control	0.0714568532585345	-0.3738960467332193	1.0	1.0	other tested genes	0.07139618180520232	-0.3656907531111142
Wls	dEndo − control	0.1785333117148835	0.3627138712280205	1.0	1.0	other tested genes	0.17759823007280834	0.35519767147200415
Wnk1	dEndo − control	-0.1428012880025323	-0.1541051121213518	1.0	1.0	other tested genes	-0.142320349466602	-0.1535015819853259
Wnk3	dEndo − control	-0.1606020495615632	-0.2177172809163021	1.0	1.0	other tested genes	-0.1599195401142404	-0.21603297011258016
Wnt4	dEndo − control	-0.4032529025974499	0.5727696994750299	1.0	1.0	other tested genes	-0.3930538674376817	0.5453353231719974
Wwc1	dEndo − control	-0.5019799438884932	-0.3565392019729547	1.0	1.0	other tested genes	-0.4829820390782447	-0.34938731702188636
Wwox	dEndo − control	-0.1729607753941728	-0.2288404183650555	1.0	1.0	other tested genes	-0.1721098159232362	-0.22688875268392594
Ypel3	dEndo − control	0.0326195857824846	0.0445774330885667	1.0	1.0	other tested genes	0.03261380380748345	0.04456268261878627
Zbtb20	dEndo − control	-0.0833664030424093	-0.1442845215562402	1.0	1.0	other tested genes	-0.08327013831739033	-0.14378853436112554
Zc3h3	dEndo − control	-0.4043533983878977	-0.5342683374999234	1.0	1.0	other tested genes	-0.3940743083865407	-0.5116504672625475
Zcchc18	dEndo − control	-0.4107916115987255	-0.1624003922276224	1.0	1.0	other tested genes	-0.4000363394030916	-0.16169487883193634
Zdbf2	dEndo − control	-0.0211279232266627	-0.0499017477252166	1.0	1.0	other tested genes	-0.021126351663084176	-0.049881060139829445
Zdhhc14	dEndo − control	-0.0665076688980871	0.0008305155121612	1.0	1.0	other tested genes	-0.06645873600549898	0.0008305154166857179
Zfand3	dEndo − control	-0.0983678444880635	-0.2397079334515759	1.0	1.0	other tested genes	-0.09820989293427802	-0.23746973794098972
Zfp148	dEndo − control	0.0451026571547197	0.038436275284988	1.0	1.0	other tested genes	0.045087379458318415	0.038426817616841656
Zfp395	dEndo − control	-0.3958889652510746	-0.3813316097922127	1.0	1.0	other tested genes	-0.38621561980092417	-0.37264688303839755
Zfp703	dEndo − control	-0.0324180149050798	-0.1773603783433207	1.0	1.0	other tested genes	-0.03241233942378269	-0.17644343757034373
Zfp704	dEndo − control	-0.2877270982688821	-0.3435416847344862	1.0	1.0	other tested genes	-0.2838980912257383	-0.3371197082081416
Zim1	dEndo − control	-0.2096684177495276	-0.3020391837592361	1.0	1.0	other tested genes	-0.2081618351294838	-0.2976256823299127
1110008P14Rik	DKO − control	-0.450974917405276	-0.4051723729941548	1.0	1.0	other tested genes	-0.4369385547640235	-0.39483345401840697
1500009L16Rik	DKO − control	-0.4312780653546926	0.1781513961362655	1.0	1.0	other tested genes	-0.41891734627541827	0.17722224695221864
1700025G04Rik	DKO − control	0.8413067825981219	0.5582833374658172	1.0	1.0	other tested genes	0.7645995095651339	0.5327257276583217
2410006H16Rik	DKO − control	-0.3285821011180767	-0.0341249959145527	1.0	1.0	other tested genes	-0.3229395339480944	-0.03411837620266816
2610002M06Rik	DKO − control	0.0457060163880878	0.1150352117239438	1.0	1.0	other tested genes	0.045690117713815266	0.11478299868279232
2610035D17Rik	DKO − control	0.7757117452189743	0.7229104519411882	1.0	0.2954579520977332	other tested genes	0.7135897785689833	0.6713345286732307
4833439L19Rik	DKO − control	0.0450621961400979	0.1324620282273615	1.0	1.0	other tested genes	0.04504695949812262	0.1320776879332723
4933406I18Rik	DKO − control	0.2278558541861631	0.3031812143088553	1.0	1.0	other tested genes	0.22592889541479116	0.2987187607649779
5330417C22Rik	DKO − control	-0.0571015691173854	0.6569740489723376	1.0	1.0	other tested genes	-0.05707058376639552	0.617062340117658
9030622O22Rik	DKO − control	0.8507522709696876	0.5623373635705438	0.2019277518281758	1.0	other tested genes	0.7718105118078573	0.5362624212793111
A1cf	DKO − control	-0.6014528881857073	-0.2379009183821584	1.0	1.0	other tested genes	-0.5700703407275076	-0.23571214389253467
A2ml1	DKO − control	-0.2617261407685333	0.1078729783768742	0.882586457500548	1.0	other tested genes	-0.25882659462776075	0.10766485429826093
AC149090.1	DKO − control	1.257541979289189	1.1772876023777703	1.9461968347735393e-09	2.209438213307196e-07	shared increase (q < 0.05)	1.0522957974898042	1.0013514102318386
AY036118	DKO − control	-0.7496948534879038	-0.5148784872096802	1.0	1.0	other tested genes	-0.692903045472111	-0.49447979519577373
Abca1	DKO − control	1.1180155592255203	0.9639726155212566	0.0166087634934784	0.0493909925236628	shared increase (q < 0.05)	0.9624113637133663	0.8556675696170175
Abcc8	DKO − control	0.3520396102849875	0.5925511430030433	1.0	1.0	other tested genes	0.34514604535573734	0.5624270704397453
Abracl	DKO − control	-0.0407994724145996	-0.0513405752877944	1.0	1.0	other tested genes	-0.040788161772114605	-0.051318047615899726
Acat1	DKO − control	-0.0535188116976231	-0.1952009409155392	1.0	1.0	other tested genes	-0.053493295911204004	-0.19398208963601823
Acly	DKO − control	0.364356102513524	0.5584437280377952	1.0	1.0	other tested genes	0.3567410797800107	0.5328657669857193
Acot1	DKO − control	-0.3630860498622144	-0.120851656663075	1.0	1.0	other tested genes	-0.35554752517316307	-0.12055939788166072
Actb	DKO − control	-0.4231430545644571	-0.1087412379228245	1.0	1.0	other tested genes	-0.4114364197836257	-0.10852806565921545
Actg1	DKO − control	0.0133654085192977	0.3450400496434408	1.0	1.0	other tested genes	0.013365010631560903	0.3385364560066593
Acvr1c	DKO − control	-0.050842690840817	0.5171983672470147	1.0	1.0	other tested genes	-0.05082081173212553	0.49654136450627295
Acyp2	DKO − control	-0.2473222495601952	-0.0058296592802039	1.0	1.0	other tested genes	-0.2448678460674454	-0.005829626260617714
Adam22	DKO − control	1.0556439175350187	1.3971355530128804	0.5785649102209531	0.0068514747769149	other tested genes	0.9201776089306126	1.1363159917156636
Adgrb3	DKO − control	0.8522223024436083	0.8418418625822944	1.0	0.0523857578409088	other tested genes	0.7729297647316892	0.7650089053149409
Adk	DKO − control	0.460357216434605	0.6586022807345903	1.0	1.0	other tested genes	0.4454762648588083	0.6184226592972415
Aff2	DKO − control	1.237086102830494	0.7255126162054272	0.9089166545609142	1.0	other tested genes	1.0395002828008415	0.6734420574397855
Agap1	DKO − control	1.0014975668587176	0.9143238911030795	0.0166087634934784	0.1692805948559898	other tested genes	0.8824321303413888	0.8194759542800519
Agbl4	DKO − control	0.8169765487008435	0.5993918173661765	0.6008537142689444	1.0	other tested genes	0.7458698922280621	0.5683033164660641
Ago2	DKO − control	0.816003664816591	0.426751578880634	1.0	1.0	other tested genes	0.7451162972180372	0.4147575184368002
Agpat4	DKO − control	0.0591791677869179	0.0979844145431308	1.0	1.0	other tested genes	0.0591446794893189	0.09782829759481537
Airn	DKO − control	1.282006759644576	1.334528398069072	0.0181441431193903	4.477194222632608e-06	shared increase (q < 0.05)	1.0674324934021626	1.0993291219081958
Akap13	DKO − control	0.4502670429095375	0.4688445615141684	1.0	1.0	other tested genes	0.4362931788546236	0.4531734272212224
Akap17b	DKO − control	0.4466893513521849	0.3924480741662478	1.0	1.0	other tested genes	0.43302874926226975	0.3830144368625768
Akap9	DKO − control	0.463772259486323	0.6948560474490306	1.0	0.9660650000804992	other tested genes	0.44857636359886105	0.648447384221671
Akr1c19	DKO − control	-0.2598508352137927	-0.2741487721017324	1.0	1.0	other tested genes	-0.2570119808539257	-0.2708259127459019
Akt3	DKO − control	0.7521638014149129	0.823977122108465	1.0	0.2796022195304665	other tested genes	0.6948773228108233	0.7512819459754397
Alcam	DKO − control	0.6495725777970273	0.8162407317138154	0.1112380792001833	0.0574061416810061	other tested genes	0.6108659093499974	0.7452999621282838
Aldoa	DKO − control	-0.1326925743616266	-0.022192236685847	1.0	1.0	other tested genes	-0.1323062342664461	-0.022190415493802993
Anapc16	DKO − control	0.015392805137343	0.1898324959395822	1.0	1.0	other tested genes	0.015392197344246681	0.18871045196487146
Ank	DKO − control	0.7008465406516975	0.6651780662187123	1.0	1.0	other tested genes	0.6533599412991652	0.6239061013496169
Ank2	DKO − control	0.4891319755423008	-0.0112860236826879	0.7217296719493342	1.0	other tested genes	0.4714701018415777	-0.011285784104801324
Ank3	DKO − control	0.7289119136837265	0.6686252398163558	0.1989212975688213	0.2781685549970166	other tested genes	0.6761912710709229	0.6267740120031184
Ankrd11	DKO − control	0.5774944272200241	0.638770325085896	1.0	1.0	other tested genes	0.54943098495392	0.6017847236973625
Ankrd17	DKO − control	0.9520900527370756	0.9350986403517584	0.2646826082440184	0.0023436539384925	other tested genes	0.8470871936188898	0.8347289378230771
Ankrd44	DKO − control	0.8832570639996526	0.903872720278204	0.7723035248649277	0.5428030164087988	other tested genes	0.7963700974958455	0.811742735754962
Ano6	DKO − control	0.7607556636381054	0.569107641793124	1.0	1.0	other tested genes	0.701729509068438	0.5421550961356227
Anxa4	DKO − control	0.2557421464947854	0.2168262201651631	1.0	1.0	other tested genes	0.25303337498736406	0.21516222502781882
Ap1s2	DKO − control	0.4080183875184303	0.5198003312052174	1.0	1.0	other tested genes	0.39746987328322864	0.49885128770825055
Apba1	DKO − control	0.6530103730820077	0.3098571566274459	0.7044156597362382	0.990295360379233	other tested genes	0.6137466055847217	0.30510157927576614
Aplp1	DKO − control	-0.0897401742682684	0.1720221370797942	1.0	1.0	other tested genes	-0.08962015795802426	0.17118483736214488
Aplp2	DKO − control	0.3374078544198011	0.5398478733188323	1.0	1.0	other tested genes	0.3313132111570016	0.5165659624444869
App	DKO − control	0.4082609295017909	0.3042601223506112	1.0	1.0	other tested genes	0.3976944320614318	0.2997511040464671
Appl1	DKO − control	0.5580196247649867	0.448476736141907	1.0	1.0	other tested genes	0.5324954555048059	0.43466017608501917
Arf5	DKO − control	-0.2559404353015646	-0.0464939122780467	1.0	1.0	other tested genes	-0.25322547645842847	-0.046477177694863515
Arhgap21	DKO − control	0.7471120371299261	0.9979293334913244	1.0	0.0591315966693386	other tested genes	0.6908352087587535	0.8799086464699782
Arhgef11	DKO − control	0.709022320748262	0.4726486388895807	1.0	1.0	other tested genes	0.6600422738102165	0.4566152167775623
Arhgef28	DKO − control	0.9983636457137588	0.9652966017810256	0.800121256386004	0.0910245991829189	other tested genes	0.8802160363312397	0.8566204674533653
Arid1b	DKO − control	1.1556081230598778	0.7980190381552505	0.0112517999728182	0.0054629956930862	shared increase (q < 0.05)	0.9872409812839854	0.7311206372347446
Arl15	DKO − control	0.7961503449954945	0.5921424584116003	1.0	1.0	other tested genes	0.7296593572337292	0.5620754446470814
Arx	DKO − control	-0.9789241378810276	0.3845625415178734	1.0	1.0	other tested genes	-0.8663919056261742	0.3756641416307814
Asap2	DKO − control	1.061914539840056	0.8876234351303135	0.7094285965812541	0.8780733741560047	other tested genes	0.9244832629343727	0.7996391563810454
Ash1l	DKO − control	0.7773484242866787	0.6906204959061855	0.948904334408236	1.0	other tested genes	0.7148824760720444	0.6449656486196451
Asic2	DKO − control	0.3793185719064598	0.8233069534688444	1.0	1.0	other tested genes	0.37076533163173897	0.7507646511293592
Asph	DKO − control	0.4334894157751152	0.6991770551088107	1.0	1.0	other tested genes	0.4209470856374717	0.6519922530336463
Asxl1	DKO − control	0.535517867872218	0.6508634015464462	1.0	1.0	other tested genes	0.512752279636814	0.6119480844700401
Atox1	DKO − control	-0.7160819983141492	-0.494896167282157	1.0	0.544656185844618	other tested genes	-0.6657916801109712	-0.47664216488300826
Atp2a2	DKO − control	0.5533554228637161	0.564921666853147	1.0	1.0	other tested genes	0.5284184387332104	0.5385137492566273
Atp2a3	DKO − control	0.2536336126408198	0.376295051644658	1.0	1.0	other tested genes	0.2509900706667281	0.3679369405410062
Atp5e	DKO − control	-0.4764665381745399	-0.3597001534697152	1.0	1.0	other tested genes	-0.4600644297254102	-0.35236319494951474
Atp5g1	DKO − control	-0.4718144533334928	-0.3665436568296688	1.0	1.0	other tested genes	-0.45586090834107246	-0.35879572935549303
Atp5h	DKO − control	-0.2230364561266316	-0.0660153745919029	1.0	1.0	other tested genes	-0.2212274969834616	-0.06596751888942295
Atp5j2	DKO − control	-0.433643778169221	-0.2578886366236409	1.0	1.0	other tested genes	-0.42108870966540024	-0.25511239931142404
Atp5k	DKO − control	-0.5139074603465401	-0.3525501045865011	1.0	1.0	other tested genes	-0.49361631053235533	-0.3456275341322346
Atp5l	DKO − control	-0.1483675139062301	0.0341745689727961	1.0	1.0	other tested genes	-0.14782850268176817	0.03416792037992532
Atp5md	DKO − control	-0.6187920561303631	-0.5494662880051705	1.0	1.0	other tested genes	-0.584872019851515	-0.5250127483468789
Atp5mpl	DKO − control	-0.5251739530595284	-0.299460618261156	1.0	1.0	other tested genes	-0.5036139959636263	-0.2951563752253733
Atp8b1	DKO − control	1.0431607861049244	0.9569303594854712	1.823759996980104e-05	0.003864854460927	shared increase (q < 0.05)	0.9115659675905013	0.8505885187509223
Atpif1	DKO − control	-0.384061752733366	-0.1536386986152012	1.0	1.0	other tested genes	-0.375196685144382	-0.153040593864492
Atrnl1	DKO − control	0.889487214104935	0.8253953851767271	0.4662537345852459	0.9665806135012974	other tested genes	0.801032392931346	0.7523761247203427
Atxn1	DKO − control	0.6691479898709976	1.1375671692269282	1.0	0.2565048864077439	other tested genes	0.6272085206332311	0.9753828192640939
Auts2	DKO − control	0.4846589725700431	0.7904580043763925	1.0	1.0	other tested genes	0.4674484690270223	0.7251998568260349
BC031181	DKO − control	-0.2439339503376448	-0.0351249349211568	1.0	1.0	other tested genes	-0.2415773572346128	-0.03511771629871354
BC052040	DKO − control	0.7238930754137417	0.4962562434089352	1.0	1.0	other tested genes	0.6721306751399929	0.47786080267814
Basp1	DKO − control	0.0549285565603748	0.4572586528443906	1.0	1.0	other tested genes	0.05490097274620168	0.44265997662342177
Baz2b	DKO − control	0.7651210419737465	0.6480925841235187	0.7798076263659566	0.8667878087192917	other tested genes	0.7052001396325802	0.609624356231904
Bcl11a	DKO − control	0.6516549968714478	0.5859301472836257	0.0315678209135749	1.0	other tested genes	0.6126114105906962	0.556722717280925
Bend7	DKO − control	0.4272282180871167	0.3546264622668262	1.0	1.0	other tested genes	0.4151958696111137	0.34758512125106583
Bet1	DKO − control	0.123369239809684	-0.1257437765465892	1.0	1.0	other tested genes	0.12305841794594653	-0.12541474608953834
Bex2	DKO − control	-0.3549229561961279	-0.101507398706851	1.0	1.0	other tested genes	-0.3478645509915035	-0.10133388419807116
Bex3	DKO − control	-0.0895078100895343	-0.0478570166175146	1.0	1.0	other tested genes	-0.08938872142305963	-0.04783876764592719
Blcap	DKO − control	0.2030072827115155	0.3097216653105005	1.0	1.0	other tested genes	0.20163813718257084	0.30497215604589234
Bsg	DKO − control	-0.3005590429966723	-0.1545062666923181	1.0	1.0	other tested genes	-0.29620847242620557	-0.15389804438635027
Btbd17	DKO − control	-1.1847967881695458	-0.0026967844368087	1.0	1.0	other tested genes	-1.0062037705506333	-0.0026967811680261725
Btbd3	DKO − control	0.5050813712696957	0.0642379277139385	1.0	1.0	other tested genes	0.48575211659791884	0.06419382979533768
Btf3	DKO − control	-0.2636704417854268	0.0962053539951462	1.0	1.0	other tested genes	-0.26070709094888145	0.09605756441258469
Btg1	DKO − control	0.359454462627868	0.2811663076950582	1.0	1.0	other tested genes	0.35213199640083903	0.27758763347436505
Btg2	DKO − control	0.7713786542704905	1.1285607538747835	1.0	0.001178789962119	other tested genes	0.7101624252650259	0.969423177549751
Btg3	DKO − control	-0.0519975292460319	-0.0363719564806024	1.0	1.0	other tested genes	-0.05197412638239793	-0.03636394172427463
C2cd4b	DKO − control	-0.4524127070605643	0.0582336580415598	1.0	1.0	other tested genes	-0.4382488741676063	0.05820079490185438
Cacna1a	DKO − control	0.4711686681798495	0.4108942728749037	1.0	1.0	other tested genes	0.4552767933056123	0.40013129882403803
Cacna1c	DKO − control	0.8022446929462393	0.919970638997669	1.0	1.0	other tested genes	0.7344201072684445	0.823637482602202
Cacna1d	DKO − control	0.8278175199788856	0.6641388363806071	1.0	0.8008242495637965	other tested genes	0.7542430217750539	0.6230406084981919
Cacna2d1	DKO − control	0.9291571501765312	0.7261044580558743	0.8232516882079951	0.4776636328732153	other tested genes	0.8303827663841432	0.6739210346787051
Cacnb2	DKO − control	1.0264090190849604	0.8931963967887618	0.0166087634934784	0.2781685549970166	other tested genes	0.8999248408724349	0.8038012958047956
Cadm1	DKO − control	0.6841594451576835	0.3282211982359694	1.0	1.0	other tested genes	0.639641198679665	0.3225966474930414
Cadps	DKO − control	0.9193123241615814	0.9372172428088884	0.000539853752093	0.0229720412478124	shared increase (q < 0.05)	0.8231529217452678	0.8362755724827032
Calm1	DKO − control	0.0347926602706781	0.1194424804021322	1.0	1.0	other tested genes	0.034785644503178344	0.11916028387613739
Calr	DKO − control	0.5218341254278581	0.6959996930450519	1.0	1.0	other tested genes	0.5006551002623055	0.649386307557939
Camk1d	DKO − control	0.8398980704230397	1.193081778744947	1.0	0.0033627607476956	other tested genes	0.7635211717886149	1.0115366511877306
Camk2d	DKO − control	0.8307989836440907	0.9995132565065918	1.0	1.0	other tested genes	0.7565379822160206	0.8810293655094604
Camk2n1	DKO − control	0.0937863105457703	0.2850885081303903	1.0	1.0	other tested genes	0.0936493631822603	0.2813614893548314
Canx	DKO − control	0.3805616220210118	0.2741436241890816	1.0	1.0	other tested genes	0.37192733753979573	0.27082094801858875
Casd1	DKO − control	0.4570840911251213	0.4893544655150075	1.0	1.0	other tested genes	0.44250121890720023	0.47166995540328016
Casp3	DKO − control	0.7807478286884525	0.6208061077414859	0.7413845924532549	1.0	other tested genes	0.7175641518203432	0.5865839217220652
Castor2	DKO − control	0.9251343796146876	0.9426351611147012	0.7413845924532549	0.037168241237538	other tested genes	0.827432809687916	0.8402233641001938
Cbfb	DKO − control	0.6233787623031846	0.6921999118711203	1.0	0.7867277349859924	other tested genes	0.5887683781593229	0.6462647775175323
Cbx5	DKO − control	0.165402860460424	0.2453668793699442	1.0	1.0	other tested genes	0.16465781206223565	0.2429692368258756
Cbx6	DKO − control	0.7475720202375811	0.6329423108533377	1.0	1.0	other tested genes	0.6912036647971229	0.5968667234507624
Ccdc88a	DKO − control	0.7991381572521266	0.7832803382114514	1.0	0.8981788397298373	other tested genes	0.731995128450879	0.719559091369616
Cck	DKO − control	-1.065699931313307	-0.6899129184952377	0.8742021689320648	1.0	other tested genes	-0.9270759450504938	-0.6443833283311281
Ccnd2	DKO − control	-0.6072656437211863	-1.9103639142385804	1.0	0.464033816375459	other tested genes	-0.5750451433882882	-1.402815037355578
Ccnd3	DKO − control	0.257942388789267	0.0513876712107153	1.0	1.0	other tested genes	0.25516444819043066	0.05136508153552098
Ccser1	DKO − control	0.712769327038058	0.9729377774469674	1.0	0.0151784074489579	other tested genes	0.66309622703175	0.8621076632731961
Cd164	DKO − control	0.4734872630892784	0.4644361278726628	1.0	1.0	other tested genes	0.4573732938337741	0.4491785399178552
Cd200	DKO − control	-0.3890215146412042	0.0923247112932135	1.0	1.0	other tested genes	-0.3798228624006532	0.09219405148422494
Cd24a	DKO − control	0.7652461577436889	0.8697436553560624	1.0	0.0229724136859408	other tested genes	0.7052995034151769	0.7862077675837039
Cd47	DKO − control	-0.2339601061982638	0.1863479451363074	1.0	1.0	other tested genes	-0.23187663653204077	0.1852859520609178
Cd63	DKO − control	-0.1184626178163268	0.0650640278528184	1.0	1.0	other tested genes	-0.11818728100074943	0.06501820885887981
Cd81	DKO − control	-0.5114061909628966	-0.1968054357237956	1.0	1.0	other tested genes	-0.49139048961147874	-0.1955566246738344
Cd9	DKO − control	-0.4372049111662093	0.0841683014084763	0.5615178826256988	1.0	other tested genes	-0.4243537507059705	0.08406923793489005
Cda	DKO − control	0.6515954075129226	0.4654055924582987	1.0	0.0008695818709458	other tested genes	0.6125614853816173	0.45005763959250217
Cdh2	DKO − control	0.5198057436336806	0.6423270530553866	0.0608750906608941	0.5417538483517378	other tested genes	0.4988560900928325	0.6047797074632918
Cdk14	DKO − control	0.7592001535671526	0.7219233619711731	1.0	0.9514502984371428	other tested genes	0.7004910575696008	0.6705343892817062
Cdk2ap2	DKO − control	0.211176597740449	-0.328818269970127	1.0	1.0	other tested genes	0.2096376950961825	-0.3231638932869831
Cdk8	DKO − control	0.6159559062657659	0.926300506154038	1.0	0.1227468916893757	other tested genes	0.5824587347369139	0.8282885564288793
Cdkn1a	DKO − control	-0.3494284722280447	-0.1547434134228847	1.0	1.0	other tested genes	-0.3426820657746235	-0.15413240600786818
Cdyl2	DKO − control	1.030359244298814	0.7960609740061173	1.0	0.0498590112870732	other tested genes	0.9026787157716126	0.729589437588324
Celf2	DKO − control	1.070912848607554	0.7906090876828429	0.07349363000265	0.1658705712002136	other tested genes	0.9306383590571387	0.7253183783908485
Cep112	DKO − control	0.7913623797144909	0.93714929555118	0.4910136160904725	0.1439323194807948	other tested genes	0.7259091895969273	0.8362259945958889
Cers6	DKO − control	1.0351784417326362	0.6693158947492015	0.0044993720720298	1.0	other tested genes	0.9060310353336279	0.6273480605052638
Chchd2	DKO − control	-0.1967090803895715	-0.0143866034960577	1.0	1.0	other tested genes	-0.1954620819977742	-0.014386107265932193
Chd2	DKO − control	0.7586275972462634	0.5162392576326016	1.0	1.0	other tested genes	0.7000349713406339	0.49568928480726493
Chd9	DKO − control	0.5554323280118346	0.657255478590141	1.0	1.0	other tested genes	0.5302348754956675	0.6172975354237946
Chga	DKO − control	-0.2215062319622591	0.2771022759556583	1.0	1.0	other tested genes	-0.21973372761451293	0.2736732404915944
Chgb	DKO − control	0.1718447943084668	0.4802949853751607	1.0	1.0	other tested genes	0.1710100590969798	0.46351804102157346
Chic1	DKO − control	0.3039536668789259	0.3737358060792842	1.0	1.0	other tested genes	0.29945790643241504	0.36554065676221953
Chrm3	DKO − control	1.3948325228870764	1.3216119642621489	0.0453004469383687	0.000415421717291	shared increase (q < 0.05)	1.1349748363372	1.091559629609701
Chst9	DKO − control	0.1735043447031836	0.6344692865919456	1.0	1.0	other tested genes	0.17264540819715152	0.5981565244702354
Cib1	DKO − control	-0.3741061207944198	-0.227817775568805	1.0	1.0	other tested genes	-0.36588751612748976	-0.22589176823523238
Cib2	DKO − control	-0.2693938413136461	-0.2260205413474949	1.0	1.0	other tested genes	-0.26623741907791204	-0.22413909246536262
Cited1	DKO − control	-0.7721096125796768	0.1859884617193269	1.0	1.0	other tested genes	-0.7107410967605645	0.1849325408491529
Cks1b	DKO − control	-0.3684581901230587	-0.0961704295974429	1.0	1.0	other tested genes	-0.36059275412550607	-0.09602280046455781
Clasp2	DKO − control	0.9332034522922398	1.0533215639338855	0.7723035248649277	0.0266751620575031	other tested genes	0.8333440155854617	0.9185795668280032
Clps	DKO − control	-0.9781063458650224	-0.3478987240503835	0.522002735217301	1.0	other tested genes	-0.8658073943921121	-0.3412375993802661
Clptm1l	DKO − control	0.3170562483930856	0.2693014429352846	1.0	1.0	other tested genes	0.31197108468006624	0.2661482003658568
Cltrn	DKO − control	-0.4976378757583059	-0.1603254320646042	1.0	1.0	other tested genes	-0.47909807942552934	-0.159646416546471
Clu	DKO − control	-0.9399817769286052	-0.1999510883229157	1.0	1.0	other tested genes	-0.8382912969179176	-0.1986421482783264
Cmss1	DKO − control	0.5935246717855462	1.1546524901719524	0.0494383823722769	0.0002469616149996	shared increase (q < 0.05)	0.5632644254181458	0.9866155057355881
Cnot6l	DKO − control	0.6643994544925437	0.6817322601400048	1.0	1.0	other tested genes	0.6232576957931023	0.6376368446821298
Cntnap5b	DKO − control	-1.7245920400172696	1.5237954928102788	1.0	0.1773226036228405	other tested genes	-1.313222479855168	1.207890511864254
Cope	DKO − control	-0.3934260882675604	-0.2513468705013164	1.0	1.0	other tested genes	-0.38392470016277397	-0.24877291051012915
Cox5a	DKO − control	-0.3567827424206611	-0.2615524641722303	1.0	1.0	other tested genes	-0.3496167042594932	-0.25865857378618384
Cox5b	DKO − control	-0.408797053772312	-0.2087344757446947	1.0	1.0	other tested genes	-0.39819073792016607	-0.20724768299121674
Cox6b1	DKO − control	-0.3094280354263111	-0.2115254771010885	1.0	1.0	other tested genes	-0.3046916596053755	-0.2099790340617045
Cox6c	DKO − control	-0.46762912990272	-0.2833626858629582	1.0	1.0	other tested genes	-0.45207268685468727	-0.2797014188324025
Cox7a2	DKO − control	-0.2958429552159395	-0.1489425492252123	1.0	1.0	other tested genes	-0.29168905091078295	-0.14839728773820787
Cox7a2l	DKO − control	0.6653778912813944	0.7406417339376133	0.6818197629095308	0.3463842427300471	other tested genes	0.6240724724075676	0.6856437475881755
Cox7b	DKO − control	-0.0928446278237303	0.1439722275158998	1.0	1.0	other tested genes	-0.09271175389169009	0.1434794342862901
Cox7c	DKO − control	-0.4109651662048478	-0.2499071188176195	1.0	1.0	other tested genes	-0.40019687159356315	-0.24737635258024507
Cox8a	DKO − control	-0.257874667066006	-0.1506287858470537	1.0	1.0	other tested genes	-0.2550988723072508	-0.15006492065034258
Cpe	DKO − control	0.278367099486714	0.4172719565668529	1.0	1.0	other tested genes	0.27489193409828155	0.4060237771963601
Cpm	DKO − control	0.023994382859624	-0.1723387817431383	1.0	1.0	other tested genes	0.023992081073275755	-0.17149689023102604
Cpn1	DKO − control	0.0080581470723468	-0.4141541252185434	1.0	1.0	other tested genes	0.00805805986729818	-0.4031448058139918
Crebrf	DKO − control	1.3177666678809996	0.9645489480640004	0.0312293245784976	0.6658998627324099	other tested genes	1.0892372700803281	0.8560824444799816
Creld2	DKO − control	-0.2869829610672889	-0.3007939259093156	1.0	1.0	other tested genes	-0.28318289628871274	-0.2964334075299133
Crot	DKO − control	0.4910061714690462	0.2747171016905264	1.0	1.0	other tested genes	0.4731530655881261	0.27137397857640355
Cryba2	DKO − control	0.004846125050701	0.1404181597477281	1.0	1.0	other tested genes	0.004846106082418472	0.13996076306087404
Cst3	DKO − control	-0.1183326292312023	-0.1383981903535328	1.0	1.0	other tested genes	-0.118058194037325	-0.13796014111836014
Ctnna2	DKO − control	0.8128166144207881	0.3890390800095659	0.0398103609979049	1.0	other tested genes	0.7426450944884423	0.3798392326239272
Ctnnd2	DKO − control	0.4110895711021055	0.393646137809965	1.0	1.0	other tested genes	0.40031193592462355	0.38412946425152283
Ctrb1	DKO − control	-0.912281019232854	0.3839415909451446	0.5757427267578258	1.0	other tested genes	-0.817967517520547	0.37508450961724343
Ctsl	DKO − control	-0.4819670484244975	-0.0976854433188366	1.0	1.0	other tested genes	-0.46502477889922444	-0.09753074700872301
Ctsz	DKO − control	-0.6473910140012386	-0.4451966599424133	1.0	1.0	other tested genes	-0.6090355223870538	-0.43166546994440186
Cxxc4	DKO − control	0.096142823570574	0.3533463811223959	1.0	1.0	other tested genes	0.09599532118343512	0.3463784135313812
Cyb5b	DKO − control	0.4511577671352835	0.6055463833129612	1.0	1.0	other tested genes	0.4371052327870634	0.573575060760439
Cycs	DKO − control	-0.2863185186845976	-0.2309661655422256	1.0	1.0	other tested genes	-0.2825441772705272	-0.22896045406280638
Cystm1	DKO − control	0.107990495402187	0.1626167844413485	1.0	1.0	other tested genes	0.10778169275323751	0.16190846906744527
Dach1	DKO − control	1.051512541857269	0.7948909235846726	0.5785649102209531	1.0	other tested genes	0.9173334703216726	0.7286737644380672
Dad1	DKO − control	-0.3201945358686196	-0.0929994822450819	1.0	1.0	other tested genes	-0.3149612554454842	-0.09286594406550404
Dapk1	DKO − control	0.833041569837586	0.9372875396551812	0.003224781881389	0.1667589510313746	other tested genes	0.7582619821863943	0.8363268629837516
Dbpht2	DKO − control	-0.1927199594245637	0.090981304604733	1.0	1.0	other tested genes	-0.19154649996154197	0.0908562520832368
Dcaf6	DKO − control	0.9976917417196371	0.8582319866403101	0.0896909894599718	0.8474158621539577	other tested genes	0.8797404596985511	0.7774969786757365
Dcx	DKO − control	0.1156248498632438	0.8121599548512185	1.0	1.0	other tested genes	0.1153687541111555	0.7421354488800147
Ddc	DKO − control	0.4614108075371305	1.0670566508953534	1.0	1.0	other tested genes	0.44643312089795517	0.9280039949196778
Ddost	DKO − control	-0.1722775610292901	0.0294985595204751	1.0	1.0	other tested genes	-0.1714365585926362	0.02949428309239409
Dek	DKO − control	0.2878452389336534	0.3006582765063509	1.0	1.0	other tested genes	0.2840116239605764	0.29630350495536245
Dennd1a	DKO − control	1.170628977736163	0.9733134938831886	0.024306704195932	0.1439323194807948	other tested genes	0.9970336094754223	0.8623769284395899
Deptor	DKO − control	0.8056455726734242	1.0192113511893854	1.0	0.0026013903342161	other tested genes	0.7370706398252886	0.8948930300553135
Derl2	DKO − control	0.2080118120081073	0.329653473295415	1.0	1.0	other tested genes	0.20654021498003497	0.3239572064877644
Dgkb	DKO − control	0.227794804661374	0.0964062978065667	0.0017473078236961	1.0	other tested genes	0.22586937113412286	0.0962575827980431
Dhrs4	DKO − control	-0.2203495974033932	-0.0658979116667583	1.0	1.0	other tested genes	-0.2186043272798963	-0.06585031063197368
Dlk1	DKO − control	-0.5072992279511387	-0.0851920534667596	1.0	1.0	other tested genes	-0.4877309038750132	-0.08508933904688036
Dmd	DKO − control	0.5219801304877904	0.2636716638709456	1.0	1.0	other tested genes	0.5007845372169965	0.2607082726472899
Dnah9	DKO − control	1.0678841789088855	0.9852220962519044	0.8291577252668912	0.2971691557040362	other tested genes	0.9285697484389648	0.8708853308866095
Dnajb11	DKO − control	0.1527475223966401	0.2449015827906135	1.0	1.0	other tested genes	0.1521596942621309	0.24251732019315472
Dnajb9	DKO − control	0.8456534122485047	0.8994072253141059	0.1613082225467259	0.9665806135012974	other tested genes	0.767922043910999	0.8084262647595649
Dnajc10	DKO − control	0.5845087534438015	0.5703979155469506	1.0	1.0	other tested genes	0.5554959555535441	0.5432761758480739
Dnajc12	DKO − control	0.1347787508672565	0.0836528021225464	1.0	1.0	other tested genes	0.13437400112848122	0.08355554393710467
Dnajc15	DKO − control	-0.1487881359278079	0.2005985548783507	1.0	1.0	other tested genes	-0.1482445574867582	0.1992770078866232
Dnajc3	DKO − control	0.5348787697323708	0.854387653982169	1.0	1.0	other tested genes	0.5121888064565165	0.7745769418407684
Dock11	DKO − control	0.259094689539507	0.6901514743309366	0.2376312604866386	1.0	other tested genes	0.2562800721760434	0.6445796759408255
Dop1b	DKO − control	0.6617131881829877	0.9809840846002617	1.0	0.4877508080113547	other tested genes	0.6210188635679992	0.8678631798335019
Dpf3	DKO − control	0.8765273978074748	0.8100736776957789	1.0	1.0	other tested genes	0.7913177744366356	0.7405151636543356
Dpp10	DKO − control	-1.2275110335455677	-0.3494008115880116	1.0	0.5951640004242907	other tested genes	-1.03346682432951	-0.3426559532859644
Dpp4	DKO − control	-1.745118328992788	0.0402810194423462	1.0	1.0	other tested genes	-1.3234732302737222	0.0402701343229112
Dpp6	DKO − control	0.3512490162094376	-0.244669000211041	1.0	1.0	other tested genes	0.3444002197298012	-0.24229140747985123
Dpyd	DKO − control	0.8994022553412385	0.3619576909663574	0.4200927899208672	1.0	other tested genes	0.8084225695142866	0.3544867217466205
Drap1	DKO − control	-0.3100968968367506	-0.0709609738319027	1.0	1.0	other tested genes	-0.30533057038047173	-0.07090155485259123
Dst	DKO − control	0.913695778408348	0.6883189351511401	0.3826538031815614	1.0	other tested genes	0.819012325320929	0.6430708101658256
Dstn	DKO − control	0.4322357054805835	0.4187465575305358	1.0	1.0	other tested genes	0.4197965392210147	0.40738429786387875
Dtnbos	DKO − control	0.6311178984212673	-0.5566646079076455	1.0	1.0	other tested genes	0.5953245172202781	-0.531311856477311
Dusp10	DKO − control	0.283367207142332	-0.1947497274770081	1.0	1.0	other tested genes	0.27970576884005544	-0.19353921569359864
Dynll1	DKO − control	-0.3986585756873833	-0.439310853828188	1.0	1.0	other tested genes	-0.38878955069792187	-0.4262825881740214
Ece1	DKO − control	0.6476158111696313	0.622746411207711	0.3677832057076403	1.0	other tested genes	0.6092242171089952	0.5882316786954512
Edem2	DKO − control	0.0796271014413679	-0.0901922544993223	1.0	1.0	other tested genes	0.07954319501314436	-0.09007041966660807
Eef1b2	DKO − control	0.0044539363123371	0.2458175914420243	1.0	1.0	other tested genes	0.00445392158660549	0.2434069419423082
Egr1	DKO − control	0.8058189387221028	1.123578735846055	1.0	0.3611196998068226	other tested genes	0.7372056376590546	0.9661150614906356
Ehbp1	DKO − control	0.9606186126890668	0.7716327037181593	0.7066712763913436	0.928546586737898	other tested genes	0.8532508076279963	0.7103635696086539
Eif1	DKO − control	-0.2379935556850928	-0.0475251199450984	1.0	1.0	other tested genes	-0.2358022650409805	-0.04750724777159106
Eif4a2	DKO − control	0.253516175266727	0.5504415177067677	1.0	1.0	other tested genes	0.25087623607499837	0.5258672767511807
Eif4b	DKO − control	0.2779560587979566	0.2459962497011235	1.0	1.0	other tested genes	0.2744959282547482	0.2435804317078183
Eif5a	DKO − control	-0.091640165860537	-0.1213725785372657	1.0	1.0	other tested genes	-0.09151238370732097	-0.12107654079380382
Elob	DKO − control	-0.4609795155093718	-0.2719121180278492	1.0	1.0	other tested genes	-0.44604147411328565	-0.26866823628506753
Elp4	DKO − control	0.7843775948139264	0.6841661653970499	0.8232516882079951	1.0	other tested genes	0.7204226747279528	0.639646745065359
Emb	DKO − control	0.8364581870820686	0.7911593365064442	0.0039034780175472	0.136430159452596	other tested genes	0.760884872249838	0.72574996297664
Enho	DKO − control	-0.4842020717038308	-0.0319937384229232	1.0	1.0	other tested genes	-0.4670372757392188	-0.03198828280748051
Entpd3	DKO − control	0.6528434292831168	0.2697856648558542	1.0	1.0	other tested genes	0.6136068198705581	0.26661573594893395
Epb41l5	DKO − control	0.6261979508675899	0.7225526941476672	1.0	1.0	other tested genes	0.5911592725865099	0.6710445719776101
Epcam	DKO − control	0.008598410873956	0.1710804229836567	1.0	1.0	other tested genes	0.00859830492690248	0.17025668199542876
Eps8l2	DKO − control	0.2418433679136432	0.3491088203140637	1.0	1.0	other tested genes	0.23954584099566884	0.34238029089287286
Ero1lb	DKO − control	0.7246940987340451	0.6620709630983331	1.0	1.0	other tested genes	0.6727794096952524	0.6213172061027814
Erp29	DKO − control	-0.2739624038786127	-0.131069393208186	1.0	1.0	other tested genes	-0.2706461721706408	-0.13069698744079306
Erp44	DKO − control	0.5072166788346625	0.3610137470723027	1.0	1.0	other tested genes	0.4876572846679504	0.3535989979376406
Esrrg	DKO − control	1.9991230404455824	1.3037805503235589	0.0044363332168207	0.0046715913272191	shared increase (q < 0.05)	1.443243218142649	1.0807539972820135
Etl4	DKO − control	0.5275672644169968	0.8623998208625195	1.0	0.5428030164087988	other tested genes	0.5057318328059373	0.7806564757686398
Etv1	DKO − control	-0.8229196744652149	-0.1057619522802578	1.0	1.0	other tested genes	-0.750465637710784	-0.10556576985648557
Exoc4	DKO − control	0.8286642867891222	0.6876866425159563	0.7723035248649277	1.0	other tested genes	0.754895156361522	0.6425498968273438
Exoc7	DKO − control	0.1201345845552083	0.0399556242676932	1.0	1.0	other tested genes	0.11984747522235979	0.03994500069248675
Fam120c	DKO − control	0.0277129722812778	0.8233967760869537	1.0	1.0	other tested genes	0.027709426205430494	0.7508339939653093
Fam155a	DKO − control	0.808451976812671	0.9739363209121592	0.185781767006173	0.6776120644738355	other tested genes	0.7392545440669552	0.8628231792898483
Fam172a	DKO − control	1.029366692282003	1.1182763969897602	0.2178289300403556	0.0041385014633634	other tested genes	0.9019872756691145	0.9625852458799359
Fam183b	DKO − control	-0.2498617712304897	-0.0165507204266448	1.0	1.0	other tested genes	-0.24733235776276152	-0.016549964906708205
Fam241b	DKO − control	0.1160983631169182	0.362787006352225	1.0	1.0	other tested genes	0.11583912080469062	0.35526642292158817
Farp1	DKO − control	0.9808294229635254	0.992882041349044	0.8291577252668912	0.2796022195304665	other tested genes	0.8677527685663041	0.8763314631420468
Fars2	DKO − control	0.7045484605663961	0.570332742418983	1.0	0.566733079478538	other tested genes	0.6563888288382898	0.5432195638158629
Fau	DKO − control	-0.4175757899995724	-0.0858808615802436	1.0	1.0	other tested genes	-0.40630416339127834	-0.08577564106331977
Fbxl17	DKO − control	0.9026397995263076	0.67680812971133	0.6337863264374014	1.0	other tested genes	0.8108277958553883	0.6335635691154158
Fbxl20	DKO − control	0.5249062586890093	0.4968685647312308	1.0	1.0	other tested genes	0.5033769838418234	0.47840923154966813
Fbxl7	DKO − control	-0.7426214309335317	0.7357044014326611	0.0448349608476818	0.001178789962119	other tested genes	-0.6872338695642178	0.6816714454029772
Fchsd2	DKO − control	0.8417853090995725	1.0545902682879713	1.0	0.4419522012122475	other tested genes	0.7649656407057283	0.9194528086396081
Fermt2	DKO − control	0.6801158306771181	0.4816809300863401	1.0	1.0	other tested genes	0.6363007506729449	0.4647670203166363
Fev	DKO − control	-0.3024842208969897	0.1295848179762536	1.0	1.0	other tested genes	-0.29805168449868563	0.12922486183501672
Ffar2	DKO − control	0.0410195011648745	0.0859597735932501	1.0	1.0	other tested genes	0.041008006634200754	0.08585426340304955
Fgf12	DKO − control	0.6682275547674004	1.2028501759748689	0.2212871861129889	0.12022668223971	other tested genes	0.6264433868146272	1.0177964943339484
Fh1	DKO − control	-0.0044611329695921	0.0139008043227671	0.1749213346032065	1.0	other tested genes	-0.004461118172364135	0.013900356680817754
Fhit	DKO − control	0.958606856645927	1.073328197210731	0.024306704195932	0.2767199215359854	other tested genes	0.8517992714683312	0.9322858268872166
Filip1	DKO − control	0.7435301211489665	0.4997018938662472	1.0	1.0	other tested genes	0.6879632387033741	0.48094517493197536
Fkbp2	DKO − control	-0.18976037800638	0.0831745547340881	1.0	1.0	other tested genes	-0.18863959890036697	0.08307895170565958
Fkbp9	DKO − control	1.0893353383750333	0.475537781714531	0.0019034448978486	0.9013862905566052	other tested genes	0.94315402255251	0.4592258309063945
Flrt1	DKO − control	1.7048704094921856	1.180304382611387	0.0158978086382567	0.0321813513040232	shared increase (q < 0.05)	1.3032871975581095	1.0033029830295221
Fmnl2	DKO − control	0.7835545364555739	0.8384044241603634	1.0	0.4356551794632298	other tested genes	0.7197749391066247	0.762377001434881
Fndc3a	DKO − control	0.5406647026672793	0.7979630166963168	1.0	0.9514502984371428	other tested genes	0.5172846179737599	0.731076848945752
Fos	DKO − control	1.0267539978593967	1.2121696141058953	1.0	0.953139314562618	other tested genes	0.9001655574182515	1.0237406778412002
Foxn3	DKO − control	0.8023816882604344	0.6454358114197347	0.4561673717573299	1.0	other tested genes	0.7345269619568784	0.6073935094799444
Foxp1	DKO − control	0.96762607016741	0.8514857955688765	0.0453004469383687	0.0574061416810061	other tested genes	0.858295500093028	0.7723691044652675
Foxp2	DKO − control	0.5779916877398894	0.2241703910624619	1.0	1.0	other tested genes	0.549861551945081	0.22233410491681393
Frmd4b	DKO − control	0.9084889575248276	0.65478493946855	1.0	0.9514502984371428	other tested genes	0.8151634256236714	0.6152318286774323
Fth1	DKO − control	-0.1984734801443771	-0.1214867352295072	1.0	1.0	other tested genes	-0.19719301526002672	-0.12118986505111252
Ftl1	DKO − control	-0.2439351584085677	-0.0837707686124766	1.0	1.0	other tested genes	-0.24157853089140746	-0.08367309925203861
Fxr1	DKO − control	0.4721915159196423	0.4384291772322069	1.0	1.0	other tested genes	0.4562018955333538	0.42547524040512946
Fxyd3	DKO − control	-0.1915696199031871	0.0358027616658717	1.0	1.0	other tested genes	-0.19041682507523028	0.03579511718605961
G6pc2	DKO − control	-0.590153340935451	-1.3129745509898765	1.0	1.0	other tested genes	-0.5603631398129316	-1.0863370542302013
Gabarap	DKO − control	-0.0297297564440215	0.0532106779620857	1.0	1.0	other tested genes	-0.029725378702400666	0.05318559999299178
Gabrb3	DKO − control	0.3952402789212067	0.3993883673001934	1.0	1.0	other tested genes	0.3856124115142602	0.3894673731975902
Gadd45a	DKO − control	0.1208841691071377	0.302501929820197	0.9225641052407684	1.0	other tested genes	0.12059167540855022	0.29806863489569774
Gadd45g	DKO − control	-0.6399207408593974	-0.2001695939443095	1.0	1.0	other tested genes	-0.6027539739029644	-0.1988564081811862
Galnt18	DKO − control	-0.1496316353135686	0.5076746965930087	1.0	1.0	other tested genes	-0.14907882112007728	0.4880657245333591
Gapdh	DKO − control	-0.4299851339759645	-0.1646187164086922	1.0	1.0	other tested genes	-0.4177298424465012	-0.1638841304067434
Gas5	DKO − control	0.0653061653846188	0.2703142118210739	1.0	1.0	other tested genes	0.0652598335908145	0.2671260041430516
Gast	DKO − control	-2.4497875813954346	-2.2670098799161607	0.0049792974335215	0.1853846921326306	other tested genes	-1.6284195439482732	-1.557044599741308
Gata6	DKO − control	0.1353033234813093	0.6270951386058874	1.0	1.0	other tested genes	0.13489385510233	0.5919195231309323
Gcg	DKO − control	-3.6555716169353456	-4.53518172346866	1.549935929656569e-35	0.098559801245506	other tested genes	-2.007603562742664	-2.2169514028917794
Gch1	DKO − control	-0.1421848498422697	0.0888126296580123	0.7875859178684423	1.0	other tested genes	-0.14171007576386244	0.08869628782288114
Gfra1	DKO − control	0.7003906054052103	1.4624296757476838	1.0	0.1025174685131469	other tested genes	0.6529865331379446	1.1737406308440985
Gfra3	DKO − control	-0.0129487270438003	0.178520622573279	1.0	1.0	other tested genes	-0.012948365219932357	0.17758573843580194
Ghr	DKO − control	1.294314468330828	0.8882546005556666	0.0002276110691404	0.6240404416601156	other tested genes	1.0749797605568496	0.8001111178419171
Ghrl	DKO − control	-3.8802939576715336	-4.324346068066667	1.549935929656569e-35	1.7112444881352194e-11	shared decrease (q < 0.05)	-2.0652631064804683	-2.1705167177160183
Gjd2	DKO − control	0.5557828629770905	0.7709823652242269	1.0	0.54771169788839	other tested genes	0.5305412914160168	0.7098486129862
Glcci1	DKO − control	0.1150423831261164	0.4166593965850412	1.0	1.0	other tested genes	0.11479012309792225	0.4054583972549264
Glis3	DKO − control	1.0732572767224804	0.8293694456284656	0.015247268060154	1.0	other tested genes	0.9322374815167976	0.7554380250539585
Glrx5	DKO − control	-0.1264976148950535	-0.1697773196616304	1.0	1.0	other tested genes	-0.12616265957241277	-0.16897210118476386
Gls	DKO − control	0.9330471352736666	0.8161078861162336	0.3677832057076403	1.0	other tested genes	0.8332297273462007	0.7451970441240533
Glud1	DKO − control	0.2268497027231013	0.493634144638835	0.4675403504594916	1.0	other tested genes	0.22494778107479121	0.4755107941802915
Gnai1	DKO − control	0.1979933588218715	0.2935053697687375	1.0	0.1620032797646382	other tested genes	0.19672205825589822	0.2894467905215181
Gnao1	DKO − control	0.923012913016554	0.7181285774469748	0.4401815701234624	1.0	other tested genes	0.8258747228991143	0.6674548292157557
Gnaq	DKO − control	0.8517573436394139	0.8147456757323819	0.3837579429547713	0.323393828847854	other tested genes	0.7725758420952205	0.7441413274122488
Gnas	DKO − control	0.0113429647494528	0.1548712596505637	1.0	1.0	other tested genes	0.01134272152717398	0.15425874729453734
Gnasas1	DKO − control	0.6129225827973298	0.990900684339464	0.87462089873967	1.0	other tested genes	0.5798742897600832	0.8749247404147037
Gng12	DKO − control	0.608059192285009	0.6830053522499244	1.0	1.0	other tested genes	0.575723302436184	0.6386884386089953
Gpatch8	DKO − control	0.690667041731505	0.6587965902487128	1.0	1.0	other tested genes	0.6450039480339033	0.6185849288028944
Gpc4	DKO − control	-0.1217890416585173	0.4374201659707974	1.0	1.0	other tested genes	-0.1214899595651514	0.42455097154780636
Gpd2	DKO − control	1.052041660474687	1.124414174711732	0.0001460945134571	0.091929873038778	other tested genes	0.9176980560164089	0.9666703735314288
Gphn	DKO − control	0.9179858287089632	0.978573391002456	0.2161664501421222	0.0098721236975424	other tested genes	0.822176055303066	0.8661412409647197
Gpr39	DKO − control	1.126034306110364	0.9572952779924038	1.0	1.0	other tested genes	0.9677466104409752	0.8508521462907374
Gprasp1	DKO − control	0.5321482465723324	0.3772464304231768	1.0	1.0	other tested genes	0.5097797017668815	0.36882722487041625
Gprasp2	DKO − control	0.0044132129200053	0.040997696746165	1.0	1.0	other tested genes	0.004413198594511992	0.04098622052670141
Gpx2	DKO − control	-0.380650643602395	-0.0068054021961749	1.0	1.0	other tested genes	-0.37201053669542644	-0.0068053496669382985
Gpx3	DKO − control	-0.551907013844405	-0.1388404567608273	1.0	1.0	other tested genes	-0.5271507308309923	-0.13839821864990814
Grb10	DKO − control	0.5711797571815818	0.6287503950064042	0.5265854293250594	1.0	other tested genes	0.543955191525065	0.5933213332196923
Grcc10	DKO − control	-0.2876463340440874	-0.1558980061138616	1.0	1.0	other tested genes	-0.28382047505801183	-0.15527331866787678
Gria3	DKO − control	-0.3305463731653874	-0.5126649002755415	1.0	1.0	other tested genes	-0.3248051045503007	-0.4925108679946925
Grik2	DKO − control	-0.3428502528710811	0.472958467749721	0.2376312604866386	0.9713083102319376	other tested genes	-0.3364657190599418	0.45689531620092294
Grip1	DKO − control	0.7610021097670612	0.464054556873212	1.0	1.0	other tested genes	0.7019256370884476	0.4488324462637136
Gse1	DKO − control	0.7073678943208475	0.7915191854877086	1.0	0.9081673805994744	other tested genes	0.6586921333225394	0.7260321460239293
Gspt1	DKO − control	0.5050162333833557	0.3963734233785015	1.0	1.0	other tested genes	0.4856939733959409	0.38666602624346824
Gspt2	DKO − control	0.2685946397939314	0.4379123926358147	1.0	1.0	other tested genes	0.2654656517051687	0.42500190107729646
Guk1	DKO − control	-0.4943862624650486	-0.2876250232543758	1.0	1.0	other tested genes	-0.4761851166710872	-0.28379999465023836
H13	DKO − control	0.6175154234270294	0.6941272668989739	0.2381790773355815	1.0	other tested genes	0.5837861093787967	0.647848799007178
H2-T23	DKO − control	-0.4202134180396074	-0.1693948966613351	1.0	1.0	other tested genes	-0.40873696794630565	-0.16859506148261078
H2afj	DKO − control	-0.6989763268739968	-0.192480446869401	1.0	1.0	other tested genes	-0.6518277387266788	-0.19131130985618972
H2afz	DKO − control	-0.3017412728765949	-0.2930013715163733	1.0	1.0	other tested genes	-0.2973404842584527	-0.28896315899147057
H3f3a	DKO − control	0.0898680068527837	0.3551200775178164	1.0	1.0	other tested genes	0.08974747816901789	0.34805031288936567
H3f3b	DKO − control	-0.3212457164962427	-0.1331227431647823	1.0	1.0	other tested genes	-0.3159622157787616	-0.13273265332513326
Hadh	DKO − control	-0.0018473970491238	0.5906035892323064	1.0	1.0	other tested genes	-0.001847395998302616	0.5607508605928082
Hadha	DKO − control	0.5459671815968362	0.3909540210275447	1.0	1.0	other tested genes	0.5219438218528034	0.3816232980864229
Hap1	DKO − control	-0.0557463901593624	-0.097171820551612	1.0	1.0	other tested genes	-0.055717556991561105	-0.09701954476870364
Hdac8	DKO − control	0.952680174605905	0.5295075030610942	1.0	1.0	other tested genes	0.8475145223613669	0.5074472120285254
Herpud1	DKO − control	0.4773788991069903	0.8176176998303823	1.0	0.7927657131757594	other tested genes	0.46088793016593155	0.7463663310056524
Hint1	DKO − control	-0.3581599705772382	-0.1128512336530525	1.0	1.0	other tested genes	-0.3509135626837833	-0.11261306180596205
Hist1h1c	DKO − control	0.1065061816858898	0.699626365426969	1.0	1.0	other tested genes	0.10630584266536909	0.6523604458488375
Hist1h1e	DKO − control	-0.2959261003598643	-0.0425251374983859	1.0	1.0	other tested genes	-0.29176877925437245	-0.04251233093073972
Hist1h2ac	DKO − control	-0.8894447059279519	-0.153839205194195	1.0	1.0	other tested genes	-0.801000631026634	-0.15323877208387732
Hist1h2ap	DKO − control	-2.5698512097244173	-2.4131738002666614	2.5758151987748235e-09	1.521684913801856e-06	shared decrease (q < 0.05)	-1.6728653533205093	-1.6144929432887298
Hist1h2bc	DKO − control	-0.1364448422527416	0.3102484428430034	1.0	1.0	other tested genes	-0.1360249802831504	0.30547531358822494
Hist3h2ba	DKO − control	-0.4797785036352076	-0.2095086473123717	1.0	1.0	other tested genes	-0.46305242750070524	-0.20800546230360722
Hmgcr	DKO − control	0.6589618547187202	0.5305725244795783	1.0	1.0	other tested genes	0.618722931149702	0.5083882204995872
Hmgn2	DKO − control	-0.7519856479199092	-0.6736744122910774	0.7915877899560998	0.7702822500762582	other tested genes	-0.6947349419327399	-0.6309664822332733
Hmgn3	DKO − control	0.2862653390393197	-0.0074963217140185	1.0	1.0	other tested genes	0.2824930515763725	-0.007496251506694931
Hmgn5	DKO − control	0.5283641353351358	0.2433614688563689	1.0	1.0	other tested genes	0.5064365186185689	0.24102114723748058
Hnf1aos1	DKO − control	-0.3602177796719669	0.751938626175939	1.0	1.0	other tested genes	-0.35285022929284654	0.6946973599628363
Hnrnpa1	DKO − control	0.1784471186892254	0.2111136254856833	1.0	1.0	other tested genes	0.1775133780892906	0.20957608130659441
Hopx	DKO − control	-0.2914192028066999	-0.4494931838971066	1.0	1.0	other tested genes	-0.28744449924670373	-0.435587448528081
Hs6st3	DKO − control	1.168618709201752	1.140468953290559	0.400589812431539	0.109888556822099	other tested genes	0.9957272538478166	0.9772972973831635
Hsp90aa1	DKO − control	0.2692189644869772	0.499502214266153	1.0	1.0	other tested genes	0.2660685584649592	0.4807665476437106
Hsp90ab1	DKO − control	0.1130372184525108	0.2854319447135294	1.0	1.0	other tested genes	0.11279787158696225	0.2816917514354469
Hsp90b1	DKO − control	0.1768587971954411	0.2868552548679934	1.0	1.0	other tested genes	0.17594954281371297	0.28306014286290027
Hspa13	DKO − control	0.9154310462554884	0.9561457506209146	0.1682924392735259	0.4657825746478511	other tested genes	0.8202928259213151	0.8500215321615222
Hspa4l	DKO − control	0.348082556033019	0.6482536384131273	1.0	1.0	other tested genes	0.34141121923218776	0.6097595038801958
Hspa5	DKO − control	0.6155403233682807	0.7043016088862896	0.3131767280597625	0.7862100232715127	other tested genes	0.5821048575347185	0.6561870204848416
Hspa8	DKO − control	-0.1897711649375263	0.1120769800385872	1.0	1.0	other tested genes	-0.1886501967002185	0.11184365869336403
Hspe1	DKO − control	-0.3325776218025383	-0.0661992079131256	1.0	1.0	other tested genes	-0.3267331381039232	-0.06615095183041617
Htatsf1	DKO − control	0.1360510801404338	0.4148905268458954	0.790132164641016	1.0	other tested genes	0.1356348228661497	0.40382507791271877
Hyou1	DKO − control	0.2492378084569416	0.6643832918042082	1.0	1.0	other tested genes	0.24672696088882448	0.6232442335030065
Iapp	DKO − control	-2.661849956177418	-0.5740550840369675	7.90456822240568e-06	0.928546586737898	other tested genes	-1.705718835643968	-0.5464503953362937
Ica1	DKO − control	0.7512478388529829	0.569525613848609	1.0	1.0	other tested genes	0.6941451526921391	0.5425183274985855
Id2	DKO − control	0.7421532418907067	1.1899698084105212	2.2951205509590786e-07	0.1505560956339936	other tested genes	0.6868579491651798	1.0095360905692077
Idh3a	DKO − control	0.0781284268768437	0.0097504893168586	1.0	1.0	other tested genes	0.0780491610953124	0.009750334823646593
Ids	DKO − control	0.3580368639083204	0.2182106269114941	1.0	1.0	other tested genes	0.3507976630945922	0.2165149987828565
Ier2	DKO − control	0.6617542163751046	0.8336651569079888	1.0	1.0	other tested genes	0.6210530787869386	0.7587410303255513
Ifitm2	DKO − control	-1.1864145538724724	-0.5555258218677076	0.9225641052407684	1.0	other tested genes	-1.007246804495425	-0.5303166064835622
Igf1r	DKO − control	0.6043461916261541	0.7970870658886378	1.0	1.0	other tested genes	0.5725481525696458	0.7303920202684185
Igfbpl1	DKO − control	-1.517627355032645	-0.6474892988064791	0.5487773081891346	0.7927657131757594	other tested genes	-1.2045015069022824	-0.6091180250241821
Igsf21	DKO − control	-0.0706299017735861	-0.5947750216541018	1.0	1.0	other tested genes	-0.0705713093555998	-0.5643393559450605
Immp2l	DKO − control	0.9581387927088194	0.5450208489868095	0.4675403504594916	1.0	other tested genes	0.8514613414924856	0.5211130544362337
Inpp5f	DKO − control	-0.4385442294886124	-0.2776940959325721	1.0	1.0	other tested genes	-0.4255806081596429	-0.2742435254217708
Ins1	DKO − control	-2.526776962193322	-1.758025448360353	1.07493715147679e-06	0.0009578443745073	shared decrease (q < 0.05)	-1.6571302070614466	-1.329872634917923
Ins2	DKO − control	-1.5395430609816194	-1.0021029427279715	0.2007579051646772	1.0	other tested genes	-1.2164994841435708	-0.8828598105855364
Insm1	DKO − control	0.3756484121775022	0.3104787546952299	1.0	1.0	other tested genes	0.367331666734872	0.3056952750093899
Irx2	DKO − control	-2.505407456461193	-0.2542450916168929	0.1768145115047801	1.0	other tested genes	-1.6492375550636624	-0.2515827389844434
Isl1	DKO − control	-0.0041607799359495	0.118846904178728	1.0	1.0	other tested genes	-0.004160767930743797	0.11856889041971105
Isyna1	DKO − control	-0.2452102262118068	-0.0694198292633432	1.0	1.0	other tested genes	-0.24281709377485006	-0.06936419283554615
Itm2b	DKO − control	-0.3138176801259384	-0.026915739841622	1.0	1.0	other tested genes	-0.30888253053663145	-0.0269124910177261
Itpr1	DKO − control	1.0661322896109982	0.4945536898593982	0.3429103053222046	1.0	other tested genes	0.9273717634384658	0.47633519879619757
Jazf1	DKO − control	1.159670854844667	0.8265155560822737	0.0700686898104149	0.743177071239121	other tested genes	0.9898967993868821	0.7532397894060805
Jmjd1c	DKO − control	0.4501888122626667	0.477249065216978	1.0	1.0	other tested genes	0.4362218447311217	0.4607707594212756
Jpt1	DKO − control	-0.3494374215699683	-0.0988616080390813	1.0	1.0	other tested genes	-0.34269051417846136	-0.09870127295929054
Jun	DKO − control	1.0676983877981758	1.316244829348243	0.2007579051646772	0.0016983425185864	other tested genes	0.9284427495385568	1.088316970344718
Junb	DKO − control	0.5249502922535239	0.7273811389903817	1.0	1.0	other tested genes	0.5034159722183407	0.6749537928899406
Jund	DKO − control	0.1393841784521007	0.1769277918781508	1.0	1.0	other tested genes	0.1389367543693542	0.17601748272223833
Kansl1	DKO − control	0.8460965633284415	0.6280112569284251	0.901484467936926	1.0	other tested genes	0.7682603858877658	0.5926954981704282
Kcnb2	DKO − control	0.930388554897252	0.8778369474742105	1.0	1.0	other tested genes	0.8312845913206013	0.7923022456200751
Kcnd2	DKO − control	1.605646554064437	0.5917495843905902	5.751253428078271e-07	0.098559801245506	other tested genes	1.251972203376655	0.5617373626213866
Kcnh7	DKO − control	-0.4533241112432589	0.0462736094150608	1.0	1.0	other tested genes	-0.4390791096815101	0.04625711143626295
Kcnh8	DKO − control	0.9606967804919307	1.0051957275469428	0.7066712763913436	0.5723791283822145	other tested genes	0.8533071783646121	0.8850427531514232
Kcnip4	DKO − control	0.3559576849504121	1.7526746545217369	3.4165692341835015e-12	8.438280380795205e-38	shared increase (q < 0.05)	0.34883952305719534	1.3272240031895244
Kcnma1	DKO − control	0.764022617373355	0.8655608195480059	1.0	0.9725623149964988	other tested genes	0.7043275410036165	0.7830483854406821
Kcnmb2	DKO − control	0.3680426205065287	0.2131831566926792	0.522002735217301	1.0	other tested genes	0.36020278565504343	0.21160055588548554
Kcnq1ot1	DKO − control	0.7292871286524546	0.9654313651357042	0.5469740085032448	0.2278953825979145	other tested genes	0.6764944572822048	0.8567174238323652
Kctd12	DKO − control	-0.8683609002906464	0.1526696096270205	1.0	1.0	other tested genes	-0.7851640679220874	0.15208267436547981
Kctd8	DKO − control	0.9951345332758276	0.9774115177072508	1.0	1.0	other tested genes	0.8779289943245581	0.8653105829428578
Kdelr2	DKO − control	-0.1140410747491003	-0.4087224052627101	1.0	1.0	other tested genes	-0.11379531931265904	-0.39812163920255256
Kif13a	DKO − control	1.339700215938383	0.7622184225435088	0.0561328047378808	0.2781685549970166	other tested genes	1.102426589419016	0.7028932682104337
Kif21a	DKO − control	0.6779039044633063	0.8360604333351331	0.7848161622708594	0.4776636328732153	other tested genes	0.6344708081924678	0.7605797488854412
Kit	DKO − control	0.1659827888008758	0.5442795112106206	0.1158271051042594	1.0	other tested genes	0.16522993994009416	0.5204620172709692
Klf12	DKO − control	1.1680357703941038	0.9545994241834728	0.4598051966604368	0.8727751584176714	other tested genes	0.9953481934186464	0.8489034503406809
Klhl13	DKO − control	0.1595581736890723	0.1262626408848554	1.0	1.0	other tested genes	0.15888878759067615	0.12592953987434932
Klhl32	DKO − control	0.7539339070696677	0.8048129207535014	1.0	0.1744835451575153	other tested genes	0.6962913353201203	0.7364221055133396
Kmt2a	DKO − control	0.8708529330214706	0.7922807222366666	0.9364972186516765	0.5428030164087988	other tested genes	0.787044530835364	0.7266291579477464
Kmt2e	DKO − control	0.7311717664894143	0.6241423371129694	0.8524082046887226	1.0	other tested genes	0.6780164884257646	0.5894162489442253
Krt18	DKO − control	-0.1314787069278092	0.1316335734335703	1.0	1.0	other tested genes	-0.1311028192695755	0.1312563627847004
Krt19	DKO − control	-1.6901061260415555	-1.3971816129329715	0.7044156597362382	0.3057120516625235	other tested genes	-1.2957931627698998	-1.1363427995154158
Krt7	DKO − control	-0.3568891860239476	0.1003932362800455	1.0	1.0	other tested genes	-0.3497169564032879	0.10022535599551008
Krt8	DKO − control	-0.2164842795577694	0.1904869936260262	1.0	1.0	other tested genes	-0.21482803777147155	0.18935342764273108
Krtcap2	DKO − control	-0.4442645805893362	-0.3243644231341955	1.0	1.0	other tested genes	-0.4308138155584917	-0.3189301203093719
Ksr2	DKO − control	0.8981577618548467	0.6591849517601172	1.0	1.0	other tested genes	0.8074969835058159	0.6189092093531772
Large1	DKO − control	0.9406494843339972	0.9231541754762526	1.0	0.9514502984371428	other tested genes	0.838777730383413	0.8259785226985743
Lars2	DKO − control	0.6610659918696016	1.0908131236856422	0.948904334408236	0.0002139864856981	other tested genes	0.6204790525471475	0.9441530138713234
Lcorl	DKO − control	0.6908820568317037	0.9866246872270636	1.0	0.0232386268850577	other tested genes	0.6451808586105574	0.8718841173451223
Lgr4	DKO − control	0.322956137942909	0.4766018884138692	1.0	1.0	other tested genes	0.3175902665186621	0.46018661580478504
Lhx1	DKO − control	0.6459677385655861	0.5866955798036928	1.0	1.0	other tested genes	0.6078403760188704	0.5573830238303513
Lman1	DKO − control	0.479402477425159	0.5318918585593847	0.0699330114930139	1.0	other tested genes	0.4627133770560757	0.5095533537389754
Lncpint	DKO − control	1.7598162161092694	1.0469164863307208	0.0119868935081712	1.0	other tested genes	1.33075770128797	0.914162532434173
Lpp	DKO − control	0.6551761528344759	0.826150266097004	1.0	0.0984751280498567	other tested genes	0.6155590922320001	0.7529581988086903
Lrba	DKO − control	0.9352026263975294	0.7166202266099825	0.4401825593236534	0.4657825746478511	other tested genes	0.8348048884852336	0.6662292266523281
Lrp8	DKO − control	0.974966728673904	0.4807696265752612	1.0	1.0	other tested genes	0.8635611536851483	0.46394585212608314
Lrpprc	DKO − control	0.5749024041734799	-0.2847484559666061	0.882586457500548	1.0	other tested genes	0.5471851079361172	-0.28103445239838154
Lrrc42	DKO − control	0.3312195145720906	0.4498305859332621	0.984630654139435	1.0	other tested genes	0.32544417078555404	0.43589517162403973
Macrod1	DKO − control	0.2707339822673018	0.2398279172295706	1.0	1.0	other tested genes	0.26753120924625706	0.23758641478501213
Macrod2	DKO − control	1.586676465482458	1.3848007438806855	4.152725628568649e-05	0.0009578443745073	shared increase (q < 0.05)	1.2419006582787129	1.1291157900778817
Mafb	DKO − control	0.1189559404968591	0.2135934602929709	0.7044156597362382	1.0	other tested genes	0.11867716406200189	0.21200182536318937
Maged1	DKO − control	0.0677429722582729	-0.0006932259520133	1.0	1.0	other tested genes	0.0676912656380712	-0.0006932258964902782
Mageh1	DKO − control	-0.2209018496889369	0.260066496622838	1.0	1.0	other tested genes	-0.21914361050705553	0.2572207049200766
Magi3	DKO − control	1.0713272444932818	1.0556360635678517	0.7034062311345314	0.6895925311290668	other tested genes	0.9309211524512729	0.9201722076344293
Magt1	DKO − control	0.6867964131730211	0.6031617090980778	0.1631481374498191	1.0	other tested genes	0.6418162220088942	0.5715341503906336
Malat1	DKO − control	0.4326937151714679	0.2382361757161201	1.0	1.0	other tested genes	0.4202169216932299	0.2360382862706599
Maml3	DKO − control	1.0778448151829678	0.942653082022055	0.0369697254771892	0.2117672785100976	other tested genes	0.9353612143058865	0.8402364045489964
Mamld1	DKO − control	0.4221289340020375	0.2585557677219871	1.0	1.0	other tested genes	0.4105023002394284	0.25575834256547036
Man1a	DKO − control	-0.3933312591028042	0.3817690711711792	1.0	1.0	other tested genes	-0.3838364534482839	0.3730556039692016
Man1c1	DKO − control	0.8926603596893262	0.8791089543435737	1.0	0.3340881302194731	other tested genes	0.8034014596940037	0.7932578817577327
Manf	DKO − control	-0.0871217454632896	-0.0371958280190484	1.0	1.0	other tested genes	-0.08701190831908338	-0.037187256432899635
Maob	DKO − control	-0.4158348420869216	-0.7413457264139158	0.0578610406891084	1.0	other tested genes	-0.4046971566966907	-0.686209377355646
Map1b	DKO − control	0.62508254028262	0.6056820338509364	1.0	1.0	other tested genes	0.5902136785033484	0.5736910917587457
Map2	DKO − control	0.8677027356086249	1.077585921390703	1.0	0.001178789962119	other tested genes	0.784667036024246	0.9351851193201722
Map3k15	DKO − control	0.3580616668361436	0.2979714968165399	1.0	1.0	other tested genes	0.35082101433962337	0.29372955243658355
Mapk15	DKO − control	0.1401564434253783	0.3006117486265708	1.0	1.0	other tested genes	0.13970158469637012	0.29625894712423123
Marcks	DKO − control	0.1543126213391628	0.2242330118752043	1.0	1.0	other tested genes	0.1537066670304569	0.22239520882146846
Mast2	DKO − control	0.8992436449807508	0.8084210572599865	1.0	0.5931625776252044	other tested genes	0.808304635667058	0.7392304992230343
Mast4	DKO − control	0.6862929790976381	0.4080133462615849	1.0	1.0	other tested genes	0.641401186215603	0.3974652056067775
Mbd5	DKO − control	0.9753441807504046	0.8254647608547669	0.2066587654191478	0.1853846921326306	other tested genes	0.8638313884262427	0.752429627967313
Mbnl2	DKO − control	0.8783199100823639	0.6654822653669622	0.185781767006173	0.3674538508268972	other tested genes	0.792665157816911	0.6241593664576315
Mcc	DKO − control	0.8421884627682336	0.6295431125549942	1.0	1.0	other tested genes	0.765274035448207	0.5939923028844334
Mctp2	DKO − control	-0.7310479355729442	-0.442648259442237	1.0	1.0	other tested genes	-0.6779165246659962	-0.4293362613956225
Mdh1	DKO − control	-0.3411978544746125	-0.2298693835795423	1.0	1.0	other tested genes	-0.3349022404359275	-0.22789167717687303
Mdk	DKO − control	-0.9854818740265568	-0.3199251011246588	0.7627384415131878	1.0	other tested genes	-0.8710703717540361	-0.3147046437458966
Mecom	DKO − control	0.3621610658690798	-0.185930574451122	1.0	0.0663009614114171	other tested genes	0.35467794880904446	-0.1848756292462166
Med13l	DKO − control	0.5139428748258041	0.9009492730198452	0.3641264176279185	1.0	other tested genes	0.4936478088143982	0.8095723582276589
Mef2a	DKO − control	0.6913422549022773	0.535022307199062	1.0	1.0	other tested genes	0.6455594415683673	0.5123153720728403
Meg3	DKO − control	0.9701852304143656	0.8189299920717634	0.2212871861129889	0.4246464971497097	other tested genes	0.8601334490635473	0.7473819433650025
Meis2	DKO − control	0.5938639767434855	0.876311091490428	1.0	0.2828887094353908	other tested genes	0.5635561855262874	0.7911551018105389
Met	DKO − control	0.6458099134641483	0.2699500181794749	1.0	1.0	other tested genes	0.6077078000718722	0.26677441270334934
Mfhas1	DKO − control	0.5341249487156974	0.8917156954645626	1.0	1.0	other tested genes	0.5115239931125405	0.802696564793603
Mia	DKO − control	-1.1200280600472814	-0.9291438565948305	1.0	1.0	other tested genes	-0.9637523726287476	-0.8303730277464378
Micos10	DKO − control	-0.0849549352249154	-0.1361675602102623	1.0	1.0	other tested genes	-0.08485307424734087	-0.13575023875914774
Mid1	DKO − control	0.5990709496703895	0.8172399278071587	1.0	0.1263868649003544	other tested genes	0.5680280814000137	0.7460738436789175
Mid1ip1	DKO − control	-0.1199411758599309	0.2319431966033728	1.0	1.0	other tested genes	-0.11965544506937903	0.22991232134048958
Mien1	DKO − control	-0.1511461858155645	-0.1421662219367928	1.0	1.0	other tested genes	-0.15057652948212835	-0.14169163332251317
Mif	DKO − control	-0.089329326209405	-0.2674041573722562	1.0	1.0	other tested genes	-0.08921094684250834	-0.2643157484732635
Mllt3	DKO − control	0.8270419907599198	0.6530849094160337	1.0	1.0	other tested genes	0.7536455125535494	0.6138090130467997
Mlxipl	DKO − control	0.9741530532905702	0.7993328848830018	0.0683424921452899	0.3289907082935991	other tested genes	0.8629784338190607	0.7321472418932788
Mnx1	DKO − control	-0.0677773086065876	0.3937439195762086	1.0	1.0	other tested genes	-0.06772552343021151	0.38422044880744555
Mpp6	DKO − control	0.5698431044216078	0.8854260747727833	1.0	1.0	other tested genes	0.5427941935451792	0.7979948999327121
Mpped2	DKO − control	0.921904180381093	0.7688521635888662	0.2381790773355815	0.0449997092734853	other tested genes	0.8250597712078859	0.7081607241818105
Mrfap1	DKO − control	-0.0728639915523026	0.1728813871374958	1.0	1.0	other tested genes	-0.0727996706576934	0.17203158861664666
Mrln	DKO − control	-0.2753941446525092	-0.2429555025993226	1.0	1.0	other tested genes	-0.2720267777580869	-0.24062667530252715
Mrpl1	DKO − control	-0.1053072155718287	0.0779757442345493	1.0	1.0	other tested genes	-0.10511354451933753	0.07789694141999767
Mrpl36	DKO − control	-0.1563789095341527	0.1378861649465676	1.0	1.0	other tested genes	-0.15574846511094617	0.1374529324432861
Mrps33	DKO − control	-0.1367600403502675	-0.0741053231806205	1.0	1.0	other tested genes	-0.1363372780732004	-0.07403766412915629
Msi2	DKO − control	0.719040448665457	0.6661328873900245	0.7666997678841039	1.0	other tested genes	0.6681953407345022	0.6247009313392946
Mtch1	DKO − control	-0.3092730865417511	0.0135705016268957	1.0	1.0	other tested genes	-0.30454363188021033	0.013570085140839641
Mtmr7	DKO − control	0.6417222568164282	0.6197801383593625	1.0	1.0	other tested genes	0.6042707732525168	0.5857120620595826
Myo18a	DKO − control	0.8961309425704644	0.4390613523337229	0.7413845924532549	1.0	other tested genes	0.8059883202239391	0.4260541472199891
Myo1d	DKO − control	1.2298790846406351	0.9995149455271308	0.0422753389912079	0.023643402547642	shared increase (q < 0.05)	1.03496161688865	0.8810305601175313
Myt1l	DKO − control	0.1379502040899128	0.4500430326033363	1.0	1.0	other tested genes	0.1375163710821074	0.43608891089216845
Naaladl2	DKO − control	0.4075861590537238	-0.2576080948192552	0.400589812431539	1.0	other tested genes	0.3970696450486684	-0.25484073627618475
Naca	DKO − control	-0.262023869645428	-0.0453474244039884	1.0	1.0	other tested genes	-0.25911461137300174	-0.04533189677854585
Nav2	DKO − control	0.863824346859995	1.0099979693156251	1.0	0.1883052383405779	other tested genes	0.7817348694638279	0.8884255779838174
Nbea	DKO − control	1.124133182738588	0.8783567426801016	0.0132091385626233	0.0663014872320862	other tested genes	0.9664836252829958	0.7926928313393418
Ncald	DKO − control	0.1784296357048075	0.415182104895113	1.0	1.0	other tested genes	0.17749616696118517	0.40409438250039614
Ncam1	DKO − control	0.9567319222927522	0.735876463689671	0.7811460961079112	0.0232386268850577	other tested genes	0.8504451418898972	0.6818100346995739
Ncam2	DKO − control	-1.1323608895852273	0.2933271032642144	1.0	1.0	other tested genes	-0.9719410161381076	0.2892757353441661
Ncoa7	DKO − control	0.4747072206341092	0.3852318654266813	0.8524082046887226	1.0	other tested genes	0.45847563939434377	0.37628879315314867
Ncor1	DKO − control	0.590449383251121	0.641768097772557	1.0	1.0	other tested genes	0.5606180783274834	0.60430935318003
Ndn	DKO − control	0.0148563469614692	-0.1031976384292603	1.0	1.0	other tested genes	0.014855800522429215	-0.10301533918122822
Ndrg1	DKO − control	0.4400213073412086	0.618435816353371	1.0	1.0	other tested genes	0.42693295697923145	0.5845690627991793
Ndst4	DKO − control	-0.3073711671960962	0.1805549762724075	1.0	0.8728476557509747	other tested genes	-0.3027261395302892	0.17958807627641016
Ndufa1	DKO − control	-0.509528029094971	-0.3586306582790062	1.0	1.0	other tested genes	-0.4897176728671644	-0.3513566529676413
Ndufa12	DKO − control	-0.4416200909509069	-0.304510344788264	1.0	1.0	other tested genes	-0.4283959046431277	-0.29999048282203783
Ndufa4	DKO − control	-0.4292983876249391	-0.1373585720357659	1.0	1.0	other tested genes	-0.4170988677387157	-0.13693026595092153
Ndufb1-ps	DKO − control	-0.5096860470797017	-0.3620716114859076	1.0	1.0	other tested genes	-0.4898584632756137	-0.35459383918298
Ndufb11	DKO − control	-0.2066484921985134	-0.0903852837080049	1.0	1.0	other tested genes	-0.20520528489485937	-0.09026266686002099
Ndufb2	DKO − control	-0.4477878166267049	-0.3099703124058514	1.0	1.0	other tested genes	-0.43403149691861825	-0.30520966348313977
Ndufb4	DKO − control	-0.4729788463942808	-0.0591268492833787	1.0	1.0	other tested genes	-0.45691373824977827	-0.05909245227954561
Ndufb5	DKO − control	-0.2362525393592324	-0.0803479828352606	1.0	1.0	other tested genes	-0.23410822333693274	-0.08026178129697785
Ndufb8	DKO − control	-0.6536752398198903	-0.2917195361818154	1.0	1.0	other tested genes	-0.6143032071301191	-0.28773282682566104
Ndufc1	DKO − control	-0.4816743940287415	-0.3363131825255991	1.0	1.0	other tested genes	-0.4647611317694397	-0.3302758171921249
Ndufc2	DKO − control	-0.3999684421896188	-0.2757269334195911	1.0	1.0	other tested genes	-0.3900060189199383	-0.2723476084589565
Ndufs5	DKO − control	-0.4000525989549433	-0.2858373849238568	1.0	1.0	other tested genes	-0.39008415623144227	-0.2820816001033187
Ndufv3	DKO − control	-0.5494406766458494	-0.4404171696513295	1.0	1.0	other tested genes	-0.5249903020883353	-0.42729526641402876
Nectin3	DKO − control	0.5364918464361627	0.6955995073564718	1.0	1.0	other tested genes	0.5136107183721779	0.6490578157488627
Nedd4	DKO − control	0.5954159845337537	0.5557397667478245	1.0	1.0	other tested genes	0.564890165302105	0.5305036218245601
Nedd4l	DKO − control	0.8965474050448299	0.7722639096755616	0.0667970397557386	1.0	other tested genes	0.8062984382161023	0.7108632216688437
Nefm	DKO − control	-0.3661316521587643	0.2500221088286641	1.0	1.0	other tested genes	-0.358408866806478	0.24748791020578864
Neo1	DKO − control	0.2560600387755294	0.6662871122586536	1.0	1.0	other tested genes	0.25334134344326825	0.6248292812324276
Neurod1	DKO − control	0.5584655906379697	0.4336338053966793	1.0	1.0	other tested genes	0.5328848547975998	0.4210795601117786
Nf1	DKO − control	0.87852293669124	0.8021038634786655	0.8291577252668912	0.6722542244032247	other tested genes	0.792817691992523	0.7343102545385861
Nfia	DKO − control	0.5408800061084518	0.8372280893419162	1.0	0.9784193088600353	other tested genes	0.5174740034452593	0.7614753071171991
Nipal2	DKO − control	0.3486433995623542	0.3245237116432296	1.0	1.0	other tested genes	0.3419408458536429	0.31908163384887295
Nipbl	DKO − control	0.7412542802230914	0.7740397406073827	1.0	0.6776120644738355	other tested genes	0.6861359147668639	0.7122681214330332
Nkx2-2	DKO − control	0.3065186265583512	0.418389433923242	1.0	1.0	other tested genes	0.30191112807130077	0.4070548681104758
Nkx6-1	DKO − control	0.20446509277768	0.3866411448645166	1.0	1.0	other tested genes	0.20306660189552864	0.37760355502538434
Nlgn1	DKO − control	1.9021142201865624	0.6745291493354121	3.385390340941545e-06	0.6187478512059972	other tested genes	1.3989826268209877	0.6316752249692569
Nme1	DKO − control	-0.2034945220185386	-0.0837770493052684	1.0	1.0	other tested genes	-0.2021156137904786	-0.08367935802099637
Nme2	DKO − control	-0.1894988192846464	-0.0962662897475147	1.0	1.0	other tested genes	-0.18838261977853632	-0.09611821993675417
Nnat	DKO − control	0.063786948340592	-0.1764273141509553	1.0	1.0	other tested genes	0.06374377156066749	-0.1755246379560378
Noct	DKO − control	-0.0701554026059775	0.1284447832009846	1.0	1.0	other tested genes	-0.07009798144282582	0.12809419812994915
Nol4	DKO − control	0.8121042931733407	0.8617156051264839	0.8524082046887226	1.0	other tested genes	0.7420922412943879	0.7801382410687742
Npepl1	DKO − control	0.0402851514855481	0.0825086723350067	1.0	1.0	other tested genes	0.04027426301759885	0.08241534251147191
Nr5a2	DKO − control	0.2952947382792262	0.1176704871193851	1.0	1.0	other tested genes	0.2911633174971574	0.11740061430087471
Nr6a1	DKO − control	0.9006213146007656	1.0212243566606192	0.2839887377367128	0.0062618840169882	other tested genes	0.8093286838266543	0.8963021242312668
Nrg1	DKO − control	1.2899328815481617	1.2068696332955915	1.0	1.0	other tested genes	1.0722980631641785	1.0203635481155742
Nrip1	DKO − control	0.4774327840833554	0.4142830591887222	1.0	1.0	other tested genes	0.4609365578188014	0.40326392505821346
Nt5dc2	DKO − control	-0.2585969624259505	0.0306591122696653	1.0	1.0	other tested genes	-0.25579822551937725	0.030654311135548194
Nucb2	DKO − control	-0.0111699747966612	0.0792394236478934	1.0	1.0	other tested genes	-0.011169742533171698	0.07915673451879415
Nxn	DKO − control	0.8009516945586042	0.7335691461869922	0.4386763523846386	0.5428030164087988	other tested genes	0.733411232153929	0.6799506351384722
Nxph1	DKO − control	1.0112116080639166	1.239873303144894	1.0	0.0863931762032555	other tested genes	0.8892792119454472	1.0412512552853674
Ociad2	DKO − control	0.2685945128260677	0.3527626202538815	1.0	1.0	other tested genes	0.26546552908343685	0.34582795226059126
Ocrl	DKO − control	0.3714431597873521	0.4771364375195916	1.0	1.0	other tested genes	0.3633922876285022	0.4606691119002054
Orc6	DKO − control	0.0346581491894967	-0.0468566556989931	1.0	1.0	other tested genes	0.0346512144491698	-0.04683952662512489
Osbpl6	DKO − control	1.2627344165403909	0.8088723988400557	0.3131767280597625	1.0	other tested genes	1.0555235008864527	0.7395814526361861
Ostc	DKO − control	-0.0489319444560457	-0.0109917602020447	1.0	1.0	other tested genes	-0.04891243888563232	-0.010991538878878606
Otud5	DKO − control	0.5265720725644355	0.4597431568713677	1.0	1.0	other tested genes	0.5048514431094118	0.4449184082415685
P4hb	DKO − control	0.4000231958145097	0.1840598129378693	1.0	1.0	other tested genes	0.39005685645768107	0.18303608080326933
Pacc1	DKO − control	-0.0899574385391173	0.2437780956701493	1.0	1.0	other tested genes	-0.08983655053630417	0.24142593963756562
Paip2	DKO − control	0.0790499782437739	0.1731578538122846	1.0	1.0	other tested genes	0.07896787967398722	0.17230400781651936
Pak3	DKO − control	0.4835316741891935	0.6377166423926452	1.0	1.0	other tested genes	0.46643381024939895	0.6008965292492955
Pak7	DKO − control	0.7119245000510785	-0.4660428628776738	1.0	1.0	other tested genes	0.6624081326196747	-0.4506353317609867
Palld	DKO − control	0.509514629775951	0.8528813273772178	1.0	1.0	other tested genes	0.48970573396660066	0.7734312696761299
Pam	DKO − control	0.372179279993632	0.167775531709885	1.0	1.0	other tested genes	0.3640822590907141	0.1669982294706154
Pamr1	DKO − control	0.2539489211593526	0.8629699495424997	1.0	1.0	other tested genes	0.2512956902844504	0.78108816539213
Pappa2	DKO − control	0.2497668708088813	0.1579011739370943	1.0	0.9912478725164616	other tested genes	0.2472402868094066	0.15725227581125287
Papss2	DKO − control	0.8721906519311347	0.4282124674581812	0.5785649102209531	1.0	other tested genes	0.7880530032807787	0.4161008161391428
Pard3	DKO − control	0.9554234280265788	0.9447770059032758	6.012571226179478e-07	0.9725623149964988	other tested genes	0.8494993593868418	0.8417810875215107
Pard3b	DKO − control	1.009750561167858	0.5048817999933017	1.0	1.0	other tested genes	0.8882514955838099	0.4855739710127244
Patj	DKO − control	0.8336311546953498	0.8257628007525389	0.4662537345852459	0.3057120516625235	other tested genes	0.7587149131464409	0.7526594587176055
Pax4	DKO − control	-0.6445150006330244	-0.3251979031856743	1.0	1.0	other tested genes	-0.606619689744816	-0.31972283919713207
Pax6	DKO − control	0.2878251702831767	0.4658096515192957	1.0	1.0	other tested genes	0.28399233831424475	0.4504239396201915
Pbx1	DKO − control	0.6263437379280432	0.8737031052040516	1.0	0.1439323194807948	other tested genes	0.5912828291436362	0.7891923989208485
Pbx3	DKO − control	0.91577670328843	0.9284049070893496	0.0017473078236961	0.6240404416601156	other tested genes	0.8205477633534553	0.8298315851520626
Pcbp3	DKO − control	1.0827313434544814	1.21538358427492	0.7875859178684423	0.0426143303108363	other tested genes	0.9386806850457766	1.0257843327987723
Pcdh9	DKO − control	-0.5447168975951036	0.910315246816596	1.0	0.0002008794356501	other tested genes	-0.5208461511692973	0.81651456099274
Pclo	DKO − control	1.0567502999315013	0.8242618750773499	0.2066222889671859	1.0	other tested genes	0.9209382738307186	0.7515016917568875
Pcm1	DKO − control	0.5110553292205069	0.5764584830972204	1.0	1.0	other tested genes	0.4910780852969433	0.5485336858270664
Pcp4	DKO − control	-0.663632672489609	-0.4269168362226145	1.0	1.0	other tested genes	-0.6226189142227456	-0.4149095093388173
Pcsk1	DKO − control	0.3398555385339674	0.4676489866469322	0.000160727484903	1.0	other tested genes	0.3336315764566022	0.4520906739931952
Pcsk1n	DKO − control	-1.0140461605885844	-0.7389400181989073	0.5732485980328057	1.0	other tested genes	-0.8912709273996355	-0.6842757003854494
Pcsk2	DKO − control	0.6795902013926266	0.3089973661421602	1.0	1.0	other tested genes	0.6358660641806526	0.30428021117672943
Pcyt1b	DKO − control	0.3412936312767429	0.3569210949070542	1.0	1.0	other tested genes	0.33499288483089096	0.34974700859796914
Pdcd4	DKO − control	-0.0190485849134951	0.1545244036849067	1.0	1.0	other tested genes	-0.01904743314286109	0.15391596867001958
Pde10a	DKO − control	1.1389897107940212	-0.7943371794513425	0.374481488779645	0.0389839969291559	other tested genes	0.9763216980119588	-0.7282402262280423
Pde1a	DKO − control	0.8040831972656503	0.4540123212122549	1.0	0.0001803736756889	other tested genes	0.7358535229893236	0.43970583990938533
Pde1c	DKO − control	1.0962692605737687	0.841716826271259	0.3602399217222359	0.9514502984371428	other tested genes	0.9478350311720927	0.7649132482813605
Pde3b	DKO − control	0.7265496861907592	0.9392862146257196	1.0	0.3674538508268972	other tested genes	0.6742812687105966	0.8377843983997479
Pde4d	DKO − control	0.6245033247054878	1.3490089619429897	0.0074133365533963	4.003446593910543e-06	shared increase (q < 0.05)	0.5897224589676335	1.1079824088010561
Pdia3	DKO − control	0.2810781014860693	0.3031278416136508	1.0	1.0	other tested genes	0.27750271885665395	0.2986676835545067
Pdia4	DKO − control	-0.0607729684075399	0.2102388079351746	1.0	1.0	other tested genes	-0.06073562110135888	0.20872005468032231
Pdia5	DKO − control	0.8249251508657244	0.4988076088364879	0.5927472405217149	1.0	other tested genes	0.7520134270741976	0.48014506372294385
Pdia6	DKO − control	-0.125546223970288	0.0268286048290371	1.0	1.0	other tested genes	-0.12521873463871075	0.026825387448831093
Pdx1	DKO − control	0.6982957474690269	0.7354870910753856	1.0	1.0	other tested genes	0.6512698290859527	0.6814963942964487
Peg10	DKO − control	-0.1756673167554007	-0.6829539583058913	1.0	1.0	other tested genes	-0.17477615087523005	-0.6386459984836957
Peg3	DKO − control	0.1281653932295238	0.3279561411662481	1.0	1.0	other tested genes	0.12781707983609317	0.32234479883001305
Peli2	DKO − control	0.9166957498631322	0.7939917948132212	1.0	1.0	other tested genes	0.8212253876152698	0.7279697579410668
Pex5l	DKO − control	1.2632522904818488	0.7339130628757929	0.1256588213596985	1.0	other tested genes	1.055844972509268	0.6802279173452103
Pgrmc1	DKO − control	0.0211650575654225	0.2732265400045075	1.0	1.0	other tested genes	0.021163477701868955	0.26993639381768963
Phactr1	DKO − control	0.6340692831247098	0.9406911972846822	1.0	0.4657825746478511	other tested genes	0.5978187368944688	0.8388081134274765
Phactr4	DKO − control	0.4886553036830769	0.5188739346673282	1.0	1.0	other tested genes	0.4710418681020828	0.49802915018937216
Phf21a	DKO − control	0.631952634789057	0.7620116918325442	1.0	0.8411908771168529	other tested genes	0.5960302914724644	0.702728844715494
Phf3	DKO − control	0.7153603961533033	0.706715985588783	1.0	1.0	other tested genes	0.6652048869446348	0.6581598358017845
Phip	DKO − control	0.8747149004632342	0.8677146574007217	0.6001785773546918	0.3289907082935991	other tested genes	0.7899541509875068	0.7846760405469262
Phkb	DKO − control	0.7163268460051951	0.5352965683975467	1.0	1.0	other tested genes	0.6659907400657119	0.512557183651387
Phldb2	DKO − control	0.1802769674323008	0.5092652796769956	1.0	1.0	other tested genes	0.1793144844773166	0.48948354922540876
Pias1	DKO − control	0.7523025869048214	0.6786483692718085	1.0	1.0	other tested genes	0.6949882322021383	0.6350869193043451
Pik3c2g	DKO − control	0.5821603500219623	0.6269760915304011	1.0	1.0	other tested genes	0.5534674553855434	0.5918186637952983
Pim2	DKO − control	0.315261783092381	0.1389721781747364	1.0	0.8271019951786952	other tested genes	0.31026009548676314	0.13852868738265037
Pitpnc1	DKO − control	0.4294693186382015	0.8649997052701179	1.0	1.0	other tested genes	0.4172559318919561	0.7826240664862381
Pkia	DKO − control	0.6702590609348471	1.035397248605057	1.0	0.2162024423994413	other tested genes	0.6281316916576007	0.9061830497762488
Pkm	DKO − control	0.0020360254477745	0.2683808749978494	1.0	1.0	other tested genes	0.00203602404108727	0.26525919859133856
Plcb1	DKO − control	1.3445983492797495	1.5626997566323098	0.0398103609979049	0.0105494765133829	shared increase (q < 0.05)	1.105353071855701	1.2290470325832854
Plcb4	DKO − control	0.866213145982635	0.6697913374543266	0.3070413403659154	1.0	other tested genes	0.783541531655586	0.6277431255600308
Plcl1	DKO − control	0.6345550657846792	0.5752478300841242	0.8524082046887226	0.7123358459537534	other tested genes	0.598228953748025	0.5474845501145803
Plcxd3	DKO − control	0.4934802811902486	0.8595476382340592	1.0	1.0	other tested genes	0.47537282079238447	0.7784950338177394
Plekha1	DKO − control	0.6594039143075381	0.2077525207757993	0.882586457500548	1.0	other tested genes	0.6190920168311904	0.20628635109604365
Plekha5	DKO − control	0.95737000359902	0.8787617896693866	0.1472405327930452	0.0420770942074147	other tested genes	0.8509061242732308	0.7929971229118377
Plin2	DKO − control	-0.8277307243664066	-0.1995975233049311	1.0	1.0	other tested genes	-0.7541761610997517	-0.1982954342154554
Plk2	DKO − control	0.0589415038838188	0.3969694527339612	1.0	1.0	other tested genes	0.058907429006036544	0.3872200592273736
Plut	DKO − control	0.479184164882992	0.8203774668862087	1.0	1.0	other tested genes	0.46251650902415037	0.7485014190703425
Plxna2	DKO − control	1.0571228394124108	0.9433596879698628	0.4386763523846386	1.0	other tested genes	0.921194309274485	0.8407504852567569
Pnliprp1	DKO − control	-0.0882194284420336	-0.7264305622966266	1.0	1.0	other tested genes	-0.0881053969396193	-0.6741848930542322
Pola1	DKO − control	-0.0906271917253382	0.6037412045644936	1.0	1.0	other tested genes	-0.09050359014228866	0.572030306559446
Pou3f4	DKO − control	0.2314693036363587	0.1658950176058826	1.0	1.0	other tested genes	0.22945065917202306	0.16514335276975486
Ppia	DKO − control	-0.3580780544915868	-0.2070922966586479	1.0	1.0	other tested genes	-0.35083644274626974	-0.20563988728899119
Ppib	DKO − control	-0.4569222785240893	-0.1536707777462188	1.0	1.0	other tested genes	-0.4423540467051299	-0.15307230088125648
Ppm1l	DKO − control	1.2219871056543925	1.1147999336791257	0.0052309234085083	2.8357353459836403e-06	shared increase (q < 0.05)	1.0299731913401295	0.9602658799006744
Ppp1r12a	DKO − control	0.7329613250447485	0.4297575763949776	1.0	1.0	other tested genes	0.6794604692152031	0.417520782549884
Ppp1r14b	DKO − control	-0.2424092724445092	0.1023206522758167	1.0	1.0	other tested genes	-0.24009585286510252	0.1021429469469144
Ppp1r1a	DKO − control	0.1388241541330305	0.9911871179343208	1.0	1.0	other tested genes	0.1383820708985675	0.8751281885539502
Ppp1r9a	DKO − control	0.5839845086449562	0.7672357964931895	1.0	0.3057120516625235	other tested genes	0.5550433039912019	0.7068788179670993
Ppp2r2b	DKO − control	1.039423509107812	0.5888265570095129	1.0	1.0	other tested genes	0.9089772996067123	0.5592201665613461
Ppp3ca	DKO − control	0.6774576782383442	0.6878035168175616	1.0	1.0	other tested genes	0.6341014140091269	0.6426461951325334
Ppy	DKO − control	-0.7340084601847042	-1.3719004832376829	0.8232516882079951	0.6043112278895756	other tested genes	-0.6803048231945338	-1.1215402833229475
Prdm16	DKO − control	1.0294848408349333	1.0529879283775971	0.7860236208353235	0.3340881302194731	other tested genes	0.9020695993133238	0.9183498355398864
Prdx1	DKO − control	-0.2729703656469224	-0.2641545428860432	1.0	1.0	other tested genes	-0.2696892693655258	-0.26117516574731003
Prdx2	DKO − control	-0.1700899421354709	0.0965080994373403	1.0	1.0	other tested genes	-0.16928030525635646	0.09635891412726597
Prkg1	DKO − control	-0.562725122450884	-0.5977026252522926	1.0	1.0	other tested genes	-0.5366003779214099	-0.566853918066691
Prkn	DKO − control	1.0058936051369154	1.0174476567556503	0.0002709697797392	0.000415421717291	shared increase (q < 0.05)	0.8855348609575705	0.8936572864276547
Prnp	DKO − control	0.3181677337408396	0.3629565346187131	1.0	1.0	other tested genes	0.313030421954095	0.35542578356811483
Prox1	DKO − control	0.3649645303365101	0.3905057728013576	1.0	1.0	other tested genes	0.3573126880284833	0.38120578882807116
Prox1os	DKO − control	-0.3128648579111509	0.1182772496465807	1.0	1.0	other tested genes	-0.30797329886741925	0.11800319797943457
Prrc2b	DKO − control	0.5345550103919546	0.5743374541387604	1.0	1.0	other tested genes	0.5119033006355747	0.546695268760566
Prrc2c	DKO − control	0.5200928017705299	0.6662873308805273	1.0	1.0	other tested genes	0.4991107781825895	0.6248294631686779
Prune2	DKO − control	0.2852890618969526	0.3012998695864734	1.0	1.0	other tested genes	0.2815543533529161	0.29691787386311536
Prxl2a	DKO − control	0.939989139719422	0.4961754339634375	0.0387907761780586	0.9501427852656888	other tested genes	0.8382966616899588	0.47778841527476634
Psd3	DKO − control	0.787980649570128	0.5878191242535199	0.882586457500548	1.0	other tested genes	0.7232551831438468	0.5583518590284849
Psma3	DKO − control	-0.1651566022112953	-0.0987552190996902	1.0	1.0	other tested genes	-0.16441484999920342	-0.09859539959088998
Psmb2	DKO − control	-0.460743606947728	-0.1789908571509368	1.0	1.0	other tested genes	-0.44582722357369664	-0.17804863554546896
Psmb3	DKO − control	-0.4854132090999829	-0.2521398154858587	1.0	1.0	other tested genes	-0.4681270917045137	-0.24954186366636585
Psmb5	DKO − control	-0.2159626715448103	-0.2273623642747474	1.0	1.0	other tested genes	-0.2143182114800696	-0.22544771219659804
Psmc2	DKO − control	0.0377604102710909	0.2169789420115256	1.0	1.0	other tested genes	0.03775144258593432	0.21531147633147646
Ptbp3	DKO − control	0.3516307630553376	0.2418882663698839	1.0	1.0	other tested genes	0.3447603726873589	0.2395894811389309
Ptk2b	DKO − control	0.5426093671081867	0.4417687005221748	1.0	1.0	other tested genes	0.5189945669469459	0.4285318441715861
Ptma	DKO − control	-0.1328897176013106	0.0902072865679815	1.0	1.0	other tested genes	-0.13250166199904412	0.09008539095545026
Ptprd	DKO − control	0.2307770926553177	0.295876645342302	1.0	1.0	other tested genes	0.22877622724078764	0.2917213567787359
Ptprk	DKO − control	1.3915280801587175	1.2228947031603028	0.0026952389192429	0.023643402547642	shared increase (q < 0.05)	1.133047957643084	1.0305478547932254
Ptprm	DKO − control	0.5507658745949118	0.9667760969478374	0.2381790773355815	0.0499727823533836	other tested genes	0.5261514109544609	0.8576845424065176
Ptprn2	DKO − control	0.9627607760576544	1.0110173295733806	0.1267970276127868	0.0217366714989957	other tested genes	0.854794833213497	0.8891425976030658
Ptprt	DKO − control	2.074737176424029	1.6088658434586167	8.585591649982462e-06	4.896153714807143e-06	shared increase (q < 0.05)	1.476567935467886	1.2536728738125864
Pum1	DKO − control	0.5593986801884594	0.4341485950354963	1.0	1.0	other tested genes	0.5336993515602009	0.4215518120713284
Purb	DKO − control	0.5408213592326332	0.6071180141695115	1.0	1.0	other tested genes	0.5174224181006285	0.5749189542321542
Pwwp3b	DKO − control	-0.0019878571035085	0.1413198130072941	1.0	1.0	other tested genes	-0.001987855794316136	0.14085360103976605
Pygl	DKO − control	0.3508027656589018	-0.2716219647867821	1.0	1.0	other tested genes	0.34397915728468	-0.2683882387983794
Pyy	DKO − control	-1.533812358076101	0.3655062541663673	0.2381790773355815	1.0	other tested genes	-1.2133737690600541	0.357821534688802
Rab22a	DKO − control	0.6217074333255048	0.4410448951989281	1.0	1.0	other tested genes	0.5873495295278329	0.427869678138347
Rab3a	DKO − control	-0.2127253511771143	-0.2817194878235992	1.0	1.0	other tested genes	-0.21115279076884924	-0.2781201260603738
Rab3c	DKO − control	0.1044289966187846	0.6652012613828217	1.0	1.0	other tested genes	0.1042401151522085	0.6239254140479812
Rabgap1l	DKO − control	0.8910226786463521	0.8631488414111899	0.9495131900770144	0.2971691557040362	other tested genes	0.8021792352009576	0.7812235935196298
Rack1	DKO − control	0.3614253051683823	0.6640147182685162	1.0	0.3289907082935991	other tested genes	0.3539860771005529	0.622937212560265
Rai2	DKO − control	0.0537615600684545	0.6174853521777955	1.0	1.0	other tested genes	0.05373569580701135	0.5837605231425
Ralgapa1	DKO − control	0.6894070560575905	0.6395123879379205	1.0	1.0	other tested genes	0.6439668968417392	0.6024099856557975
Ralgapa2	DKO − control	0.7927486329492432	0.8363248047482783	1.0	0.4419522012122475	other tested genes	0.7269958699993238	0.7607825591494474
Rap1b	DKO − control	0.4414403320543767	0.3674410654881939	1.0	1.0	other tested genes	0.42823146151814256	0.3596381963546199
Rap1gap2	DKO − control	0.4264137248229461	0.6087444884833036	1.0	1.0	other tested genes	0.4144467582279795	0.5763087578417045
Rapgef4	DKO − control	0.5607082767427002	0.5040900627817422	1.0	1.0	other tested genes	0.5348419563641339	0.48486709267524547
Rbfox3	DKO − control	0.6314269204446064	0.8523045510012603	1.0	1.0	other tested genes	0.5955858280701437	0.7729923631695105
Rbm3	DKO − control	-0.0038920749094676	0.1300565891534791	1.0	1.0	other tested genes	-0.0038920650831825053	0.12969270708524622
Rbm39	DKO − control	0.5914591367672603	0.5564569827505526	1.0	1.0	other tested genes	0.5614873847123077	0.5311304369104025
Rbms1	DKO − control	0.7075661523037	0.1158458868511786	1.0	1.0	other tested genes	0.6588539827977734	0.11558832544692556
Rbms3	DKO − control	0.5097833616702536	0.6768530111624436	1.0	0.8206107391711657	other tested genes	0.48994516387068304	0.633600737466232
Rbp4	DKO − control	-0.2711888643181266	0.293514978328955	0.2646826082440184	1.0	other tested genes	-0.267970259201665	0.28945601015737693
Rcan2	DKO − control	0.4998098341502579	0.72513075921858	1.0	1.0	other tested genes	0.48104172908407955	0.673132949295804
Rere	DKO − control	0.841451999015882	0.6939933020018993	0.7666997678841039	1.0	other tested genes	0.7647106269594799	0.647738744460209
Resp18	DKO − control	-1.0883671090275624	-0.2446033597119694	1.0	1.0	other tested genes	-0.9424990950845022	-0.24222764718518494
Rev3l	DKO − control	0.8812518625597372	0.7712222505171298	0.3767628631555114	0.2565048864077439	other tested genes	0.7948664480445792	0.7100385798751734
Rfx3	DKO − control	0.7145370355535147	0.782329420807928	1.0	0.880676031473985	other tested genes	0.6645351009627629	0.7188103104585769
Rfx6	DKO − control	0.7039506474255325	0.8387242600259739	1.0	0.136430159452596	other tested genes	0.6559000590117955	0.7626220745064672
Rgs17	DKO − control	0.35659388810288	0.2919466876948274	1.0	1.0	other tested genes	0.34943882663837034	0.28795088251933854
Rgs7	DKO − control	0.6219923625201152	1.0166431467621209	1.0	1.0	other tested genes	0.5875914909430741	0.8930932394669665
Rhobtb1	DKO − control	0.4962548407468105	0.6422820991807958	0.4278248225879262	1.0	other tested genes	0.4778595462227439	0.6047418837275712
Rian	DKO − control	0.626178848328192	0.3924823673052892	1.0	1.0	other tested genes	0.5911430823188263	0.38304635950906574
Rictor	DKO − control	0.6772856977499351	1.1235495061034315	1.0	0.0366109039843889	other tested genes	0.6339590249968944	0.9660956284549985
Rimbp2	DKO − control	0.8905033866734259	0.8027677165830382	0.0387907761780586	0.3815195513516017	other tested genes	0.8017914726082727	0.7348280209474525
Rims2	DKO − control	1.076825321228177	1.0809316940464917	0.0086509836919095	0.0001131374364984	shared increase (q < 0.05)	0.9346676410093071	0.937459104542301
Rmnd5a	DKO − control	0.8933209415958707	0.5396331104518011	0.4662537345852459	1.0	other tested genes	0.8038941799360714	0.5163769709375146
Rnf130	DKO − control	0.1111773964877106	0.3928105644830672	1.0	1.0	other tested genes	0.11094962801924278	0.38335185142039707
Ro60	DKO − control	0.4151169835473026	0.663246984555824	1.0	1.0	other tested genes	0.40403423814216144	0.622297524618467
Robo1	DKO − control	0.6866711414071783	0.7513248431965921	1.0	1.0	other tested genes	0.6417129558969883	0.6942067181329838
Robo2	DKO − control	1.653240606518454	-1.0257087974752417	9.9986666999574e-05	1.0	other tested genes	1.2768674874634258	-0.8994361181605317
Rock1	DKO − control	0.7748079679271126	0.7745383156321916	0.0184630656259072	0.0332479317185938	shared increase (q < 0.05)	0.7128755092697397	0.7126623383049108
Romo1	DKO − control	-0.5070177965303752	-0.3419375213966607	1.0	1.0	other tested genes	-0.4874799067705828	-0.3356022017882516
Ror2	DKO − control	0.4331740186365585	0.6610404691853072	1.0	1.0	other tested genes	0.4206576910486845	0.6204577613898772
Rora	DKO − control	1.113806317205449	1.267975952551936	0.0028501516323918	0.0046715913272191	shared increase (q < 0.05)	0.9596022395139874	1.0587734624825875
Rph3al	DKO − control	0.6509859974672664	0.7575359648855721	0.4794953312288744	0.4795520961020205	other tested genes	0.6120508308017087	0.699165051681061
Rpn1	DKO − control	0.1133540991465835	0.254354634180737	1.0	1.0	other tested genes	0.11311274144636259	0.25168890260351195
Rpn2	DKO − control	0.1631853149564805	0.2787352043275203	1.0	1.0	other tested genes	0.16246960298889715	0.2752465388907069
Rragb	DKO − control	0.490855376912837	0.3663156016127141	1.0	1.0	other tested genes	0.4730177033602919	0.3585815973131187
Rtl4	DKO − control	-2.8526019453082974	-1.633139331910313	0.8232516882079951	0.1727329496996412	other tested genes	-1.7707749811816553	-1.2664173793337732
Runx1t1	DKO − control	0.2984081749267301	0.5808713279768359	1.0	1.0	other tested genes	0.29414802211496677	0.5523531449222198
Rwdd1	DKO − control	0.0139672838755021	0.0297628656158499	1.0	1.0	other tested genes	0.013966829780725451	0.02975847323573163
S100a10	DKO − control	-0.8302257134843402	0.6011431244172523	1.0	0.8689948920388189	other tested genes	-0.756096972648314	0.5698048726286776
S100a11	DKO − control	-0.2026572121023305	-0.2499263621696771	1.0	1.0	other tested genes	-0.20129505284642962	-0.24739502173960148
Samd5	DKO − control	0.5677837485217916	0.8020390214031303	1.0	1.0	other tested genes	0.5410041589370977	0.7342596725356445
Sar1b	DKO − control	-0.090614345478988	0.0520515280497968	1.0	1.0	other tested genes	-0.0904907963207514	0.05202805225888522
Sbf2	DKO − control	0.6765164652664275	0.8059408738441947	1.0	0.9725623149964988	other tested genes	0.6333220097874738	0.7373005800659391
Scaper	DKO − control	0.9541890176064352	0.7932720915801116	0.2776850390393821	0.2366279768236624	other tested genes	0.8486065580425058	0.7274060172093562
Scg2	DKO − control	-0.1000246267877544	0.7027433158411769	0.2376312604866386	1.0	other tested genes	-0.09985858343902151	0.6549125297255075
Scg3	DKO − control	0.5492599270836134	0.6108204783016841	0.7413845924532549	1.0	other tested genes	0.5248318830047455	0.57808120917809
Scgn	DKO − control	0.1429697543934087	0.3345651826369614	1.0	1.0	other tested genes	0.14248712202212085	0.32861856897400255
Schip1	DKO − control	0.1254113508828422	0.158412020156136	1.0	1.0	other tested genes	0.12508491095875834	0.15775685041111692
Scin	DKO − control	-0.1151824879219867	-0.3070005036178013	1.0	1.0	other tested genes	-0.1149293087627147	-0.30237181666083524
Sct	DKO − control	0.0017529230353315	-0.5968029728305478	1.0	1.0	other tested genes	0.0017529221376201966	-0.5660815379361722
Sdcbp	DKO − control	0.1950970398070545	0.2649986484712668	1.0	1.0	other tested genes	0.1938801121939065	0.26199119310343866
Sdf2l1	DKO − control	-0.3474077716381676	-0.0271305723138359	0.2560243192053572	1.0	other tested genes	-0.34077387153834326	-0.027127245091653197
Sdk1	DKO − control	1.0904008233121745	0.9139996313005948	0.0808660569052961	0.7927657131757594	other tested genes	0.943874370424026	0.8192366264302254
Sec11a	DKO − control	-0.0774462549379929	0.1376880155639651	1.0	1.0	other tested genes	-0.07736904371716659	0.1372566376558408
Sec11c	DKO − control	-0.0955777839181209	-0.0884442500817484	1.0	1.0	other tested genes	-0.09543285991242122	-0.08832934659136665
Sec24d	DKO − control	1.166464175282056	1.3079105431302886	0.0387907761780586	0.0163448355216461	shared increase (q < 0.05)	0.9943257075786066	1.0832649994713859
Sec61b	DKO − control	-0.0875221461934189	-0.0280422617174122	1.0	1.0	other tested genes	-0.08741079116938033	-0.028038587759074765
Sec61g	DKO − control	-0.6499611824396403	-0.4055516278470434	1.0	1.0	other tested genes	-0.611191767138437	-0.39518492969372926
Selenof	DKO − control	-0.1936264224666244	-0.0145283153968173	1.0	1.0	other tested genes	-0.19243650932465	-0.014527804358716112
Selenok	DKO − control	-0.1620328609689158	-0.0576362951182225	1.0	1.0	other tested genes	-0.1613320898376491	-0.05760443198346232
Selenom	DKO − control	-1.3326522037371706	-0.5889320878110949	0.1711665657589234	1.0	other tested genes	-1.0982035440929416	-0.5593111015657348
Selenos	DKO − control	0.3004441192492104	0.233333223330811	1.0	1.0	other tested genes	0.29609841064579584	0.23126619452242775
Sem1	DKO − control	-0.424802310677293	-0.2968648994379551	1.0	1.0	other tested genes	-0.4129640487630523	-0.29266887369007055
Serf2	DKO − control	-0.3721951581299766	-0.1757744574513141	1.0	1.0	other tested genes	-0.36409713996886117	-0.17488167478230504
Serp1	DKO − control	0.6719646509801771	0.3266967657717121	1.0	1.0	other tested genes	0.6295479160935733	0.3211479111317789
Serpina1c	DKO − control	-2.866136606303491	-0.652648324455594	0.0049156937935805	1.0	other tested genes	-1.7752430665078491	-0.6134434407702504
Serpina1e	DKO − control	-1.767753950288086	-0.7719060709620522	0.8324937201252061	0.953139314562618	other tested genes	-1.3346726533575137	-0.71057998126635
Serpine2	DKO − control	0.4506087670897613	0.4702871778366658	0.1768145115047801	1.0	other tested genes	0.43660475340348154	0.4544792472939641
Sesn2	DKO − control	0.6738513129934249	0.5073619769881861	1.0	1.0	other tested genes	0.6311131902567718	0.48778686327405074
Setbp1	DKO − control	0.6810295135080884	0.9647729278565672	1.0	0.8981788397298373	other tested genes	0.6370560980229368	0.8562436448298768
Sgce	DKO − control	0.4002972491854705	0.3768250026348076	1.0	1.0	other tested genes	0.3903112945643616	0.3684328942814
Sgms1	DKO − control	1.0516084215390833	0.3602095913173	0.3677832057076403	1.0	other tested genes	0.9173995427308941	0.35284252549778977
Sh3bgrl	DKO − control	-0.1206943618659194	0.2832065946028406	1.0	1.0	other tested genes	-0.12040323784618634	0.27955123734157256
Sh3d19	DKO − control	0.6030441671734162	0.8352187793176975	1.0	0.0961585477541972	other tested genes	0.5714334970720764	0.7599339054907559
Sh3gl2	DKO − control	0.7797275697814701	0.3622878035712963	1.0	1.0	other tested genes	0.7167597680491883	0.35479711001093445
Sh3pxd2a	DKO − control	1.0741743448189824	0.9259340411667484	0.5025357208280046	0.0011359393756469	other tested genes	0.9328625003820484	0.8280196844819413
Shroom3	DKO − control	0.5161523624258262	0.6671590888496982	1.0	1.0	other tested genes	0.49561207003311075	0.6255547907129689
Sik3	DKO − control	1.3680245748192592	0.8832858145156324	6.397913966216369e-05	0.1263868649003544	other tested genes	1.1192551109564812	0.7963916458991451
Sim1	DKO − control	0.418109979235168	0.2827474583206447	1.0	1.0	other tested genes	0.4067970550693023	0.27910944879446026
Slc16a10	DKO − control	0.2844189038489543	-0.0071446834615175	1.0	1.0	other tested genes	0.28071748565719884	-0.0071446226777309284
Slc25a4	DKO − control	-0.0237378100445029	0.0783789836495451	1.0	1.0	other tested genes	-0.023735581298382828	0.07829895421281562
Slc25a5	DKO − control	-0.1665203257349962	0.1520525930825716	1.0	1.0	other tested genes	-0.1657601987511743	0.1514726971877652
Slc30a8	DKO − control	-2.542839894814396	0.1373449968245672	6.133839653075464e-08	1.0	other tested genes	-1.6630250222076106	0.13691681700758404
Slc35b1	DKO − control	0.1604245265731152	0.2135730720319545	1.0	1.0	other tested genes	0.1597442607601993	0.21198188680736513
Slc38a1	DKO − control	0.5338419204208784	0.5355065966121006	1.0	1.0	other tested genes	0.5112743296900596	0.5127423434112148
Slc38a5	DKO − control	-0.741508759419408	-0.3186858834659877	0.4630672620277592	1.0	other tested genes	-0.6863403406848293	-0.3135241452209361
Slc39a11	DKO − control	0.4639829663401174	0.5348488709251431	1.0	1.0	other tested genes	0.44876750638829543	0.5121624419292864
Slc4a7	DKO − control	0.6602998965442193	0.8232166185178375	1.0	1.0	other tested genes	0.6198398629453795	0.7506949096911015
Slc6a6	DKO − control	0.3756068266344478	0.6047735111447287	1.0	0.0045845251136016	other tested genes	0.3672927370162212	0.5729138383324128
Slc7a14	DKO − control	1.1062640344765984	0.7112675043338429	0.0181441431193903	1.0	other tested genes	0.954554014666001	0.6618728330768776
Slc7a2	DKO − control	-0.4903913596020802	-0.1790114000992624	1.0	1.0	other tested genes	-0.4726011229777354	-0.17806885708483663
Slc8a1	DKO − control	0.8808461403622043	0.6267243493821291	1.0	0.4240380430112225	other tested genes	0.794562025333726	0.591605364440375
Slco2a1	DKO − control	-0.0583570927511816	0.5271827491888803	1.0	1.0	other tested genes	-0.058324020407238476	0.5053917168702078
Slitrk6	DKO − control	-0.0513653029658297	0.1963585601929991	0.5785649102209531	1.0	other tested genes	-0.05134274275329954	0.1951181413180168
Smarca1	DKO − control	0.0669446767721256	0.7195488650530857	0.018551665026871	1.0	other tested genes	0.06689477424976378	0.6686080760926225
Smdt1	DKO − control	-0.3035600472871994	-0.183824225148385	1.0	1.0	other tested genes	-0.2990812789093571	-0.18280438016456982
Snd1	DKO − control	0.7938625027073849	0.7292684241082409	0.626406600351303	1.0	other tested genes	0.7278684984970143	0.6764793446690431
Snrpe	DKO − control	-0.327328086787152	-0.2372604997543828	1.0	1.0	other tested genes	-0.32174796296201147	-0.23508906851774294
Snx24	DKO − control	0.9374547980898638	0.9254552859679656	0.2646826082440184	0.0471060286469293	other tested genes	0.8364488920785332	0.8276683522416752
Soat1	DKO − control	0.2726647609459847	0.4803381828277786	1.0	1.0	other tested genes	0.26939443976581695	0.46355697971072557
Sorbs2	DKO − control	0.7940114953882685	0.8256419704723045	1.0	0.7702822500762582	other tested genes	0.7279851865466614	0.7525662856017812
Sorcs2	DKO − control	0.8058085063005759	1.1070749863614926	0.0483138764474809	0.0008695818709458	shared increase (q < 0.05)	0.7371975143946449	0.9550977125775232
Sox4	DKO − control	-0.0563457244931311	0.8310595727358302	0.4662537345852459	0.6996954278821979	other tested genes	-0.05631595222560361	0.7567384090687553
Sox5	DKO − control	1.2333488564029544	0.7837376329900847	0.0126902187304528	1.0	other tested genes	1.037148725395185	0.7199190559516807
Sox6	DKO − control	0.8766369298749167	0.7759860382126369	1.0	1.0	other tested genes	0.791400141102725	0.7138064947744773
Spats2	DKO − control	0.0622152928342707	0.3256049015271353	1.0	1.0	other tested genes	0.062175226020153254	0.32010986279256365
Spcs1	DKO − control	-0.2701258523352652	-0.1595755489454895	1.0	1.0	other tested genes	-0.2669441664902209	-0.15890594578274114
Spcs2	DKO − control	-0.0427671884345267	0.1261026116239675	1.0	1.0	other tested genes	-0.042754162057632994	0.1257707695965742
Spcs3	DKO − control	0.2726198280914466	0.0795365925745155	1.0	1.0	other tested genes	0.26935108923838075	0.07945297140065269
Sphkap	DKO − control	0.4967718860659215	0.449318522999061	0.3070413403659154	1.0	other tested genes	0.478322649678796	0.4354281360967702
Spink4	DKO − control	-1.8380654174766995	-1.136496298897488	0.0005385370627834	1.0	other tested genes	-1.3687789244984627	-0.9746756067988054
Spint2	DKO − control	-0.6630498752515679	-0.1248786283725777	1.0	1.0	other tested genes	-0.6221332535082437	-0.12455631164144139
Spock1	DKO − control	1.7691102325558834	1.3481151091628731	4.107165806303135e-07	0.0002469616149996	shared increase (q < 0.05)	1.335340250295721	1.10744999688245
Spock2	DKO − control	0.3438604887583093	0.5179741913007718	1.0	1.0	other tested genes	0.3374212014337872	0.497230368116234
Spp1	DKO − control	-2.769190425224983	-2.481877380686176	5.763812936875548e-05	0.0076782776960602	shared decrease (q < 0.05)	-1.7428156481860309	-1.640479463333826
Sptan1	DKO − control	0.6793160553531773	0.5564708187792428	1.0	1.0	other tested genes	0.6356393079093804	0.5311425271104415
Srgap2	DKO − control	0.7280185400272629	0.823435501808102	1.0	1.0	other tested genes	0.6754691773796834	0.7508638891820301
Srm	DKO − control	0.0639996462852217	-0.1538284313857379	1.0	1.0	other tested genes	0.06395603667558221	-0.15322812353678192
Srp9	DKO − control	0.0668878145780756	0.0593108675000307	1.0	1.0	other tested genes	0.06683803893807565	0.05927614867785139
Srrm2	DKO − control	0.2157281106304091	0.2625162877815211	1.0	1.0	other tested genes	0.2140889307721669	0.2595909203216299
Srsf3	DKO − control	0.0052569151638454	0.1139694742753976	1.0	1.0	other tested genes	0.0052568909515338155	0.11372417965474972
Srsf7	DKO − control	-0.2466562851541942	-0.1057081770543292	1.0	1.0	other tested genes	-0.24422131028950314	-0.10551229273423024
Ssr2	DKO − control	-0.3276338607933697	-0.0004905432669471	1.0	1.0	other tested genes	-0.32203855180517593	-0.0004905432472736439
Ssr3	DKO − control	0.4801953916001416	0.4810001746351847	1.0	1.0	other tested genes	0.46342826352622446	0.46415362473789873
Ssr4	DKO − control	-0.4415801894874846	-0.1160321978186183	1.0	1.0	other tested genes	-0.428359403797159	-0.11577339671498971
St13	DKO − control	-0.0177419345534789	0.0720699142957112	1.0	1.0	other tested genes	-0.017741003895386742	0.07200767027733827
St18	DKO − control	0.8919538966351689	0.7910752519292619	0.3052232543224809	0.928546586737898	other tested genes	0.8028743382817267	0.7256840191882017
St5	DKO − control	-0.4456020903462891	0.4540343296941952	1.0	1.0	other tested genes	-0.4320358255541311	0.4397258796333497
St6gal1	DKO − control	-0.7078164768369952	0.3065636345829368	1.0	1.0	other tested genes	-0.6590583156035733	0.30195415969653916
St6galnac5	DKO − control	0.5647952886006554	1.105444145784171	0.4171504170944903	0.0002879122564887	other tested genes	0.5384037121326336	0.9540041021031732
Stmn1	DKO − control	-0.9351596845363344	-0.5158464840026938	0.8635293613056054	1.0	other tested genes	-0.8347735245353285	-0.4953402457908182
Stox2	DKO − control	0.979268182441004	1.0862681671622847	0.0374749623393753	0.0916793220284199	other tested genes	0.8666377377160468	0.9410782483877733
Strbp	DKO − control	0.5144992790706694	0.517960382463266	1.0	1.0	other tested genes	0.49414262532817455	0.49721810649726844
Stt3a	DKO − control	0.6363193835113237	0.525285807300283	1.0	1.0	other tested genes	0.5997180651694646	0.5037130221033123
Stxbp5	DKO − control	0.8691090404233242	0.5931938981258573	1.0	1.0	other tested genes	0.7857288507198569	0.5629799593382768
Stxbp5l	DKO − control	0.806213893494247	0.7285880889768073	1.0	1.0	other tested genes	0.7375131409866372	0.6759295663682602
Sub1	DKO − control	0.1509363832259594	0.1888575370613585	1.0	1.0	other tested genes	0.15036907987134898	0.1877525136889614
Supt20	DKO − control	0.1623941577362133	0.1159442635347062	1.0	1.0	other tested genes	0.1616887249600902	0.1156860480308278
Surf4	DKO − control	0.1964330836524866	0.2771920979796041	1.0	1.0	other tested genes	0.19519126782763116	0.27375979968144526
Syne2	DKO − control	0.5561775735375093	0.7914206090073272	1.0	1.0	other tested genes	0.5308862683128138	0.7259548501448272
Syt13	DKO − control	0.5374218067195666	0.5924475397598009	1.0	1.0	other tested genes	0.5144300355848325	0.5623379378015995
Sytl5	DKO − control	0.9242090586985529	0.7023309019173526	0.4675403504594916	1.0	other tested genes	0.8267534209504616	0.6545750697920234
Tanc2	DKO − control	0.33838506405433	-0.2550348700716734	1.0	1.0	other tested genes	0.3322389984514291	-0.25234809373991696
Taok3	DKO − control	0.4824134784686212	0.2986976885028667	1.0	1.0	other tested genes	0.46542690164235506	0.294425436070112
Tbcb	DKO − control	-0.0900583917338272	-0.1848887915148363	1.0	1.0	other tested genes	-0.08993709726666017	-0.18385130406929906
Tcf12	DKO − control	1.0501056350785394	0.8854993295118877	0.0188865692626518	0.0813186434523568	other tested genes	0.9163635817308569	0.7980497444124937
Tcf20	DKO − control	0.6663881204575568	0.689234077691895	1.0	1.0	other tested genes	0.6249133378975054	0.6438244765709794
Tcf7l2	DKO − control	0.7379598249546057	0.3178317044182266	0.7029583271057105	1.0	other tested genes	0.6834871959532538	0.31271019410663836
Tead1	DKO − control	0.5270295552812063	0.8675709126646666	1.0	1.0	other tested genes	0.5052561969608067	0.78456746668852
Tecr	DKO − control	-0.1737550337453515	0.2230804790609428	1.0	1.0	other tested genes	-0.17289240179265108	0.22127046397973688
Tenm3	DKO − control	1.573482475002318	0.1968532414473686	0.1711665657589234	0.1826776765789757	other tested genes	1.2348447806002614	0.19560353042486853
Tff3	DKO − control	-1.8368861329252693	-1.056942440985408	0.8291577252668912	1.0	other tested genes	-1.368215203491022	-0.9210703326803055
Thoc2	DKO − control	0.7175642673635444	0.6421574602907921	1.0	1.0	other tested genes	0.6669964045263036	0.6046370097817578
Thra	DKO − control	0.2720003614177193	0.2920053111621323	1.0	1.0	other tested genes	0.26875338695913575	0.28800715636656476
Tm4sf4	DKO − control	-0.5094062975326329	0.0452903435963654	1.0	1.0	other tested genes	-0.4896092066937233	0.04527487449711201
Tmbim4	DKO − control	-0.098906535150113	0.0041037701817565	1.0	1.0	other tested genes	-0.09874598201813241	0.004103758663292933
Tmcc1	DKO − control	0.7245900053147694	1.00165549912052	1.0	0.1755128760679301	other tested genes	0.6726951202404098	0.8825437173197894
Tmed10	DKO − control	0.1113146714876593	0.3170281576743965	0.8464794421458147	1.0	other tested genes	0.11108606138716715	0.3119443075074808
Tmed2	DKO − control	0.1281434074224264	0.1607770106858538	1.0	1.0	other tested genes	0.12779527237764451	0.16009228521577118
Tmed3	DKO − control	0.038736221746348	0.3105749313266611	1.0	1.0	other tested genes	0.038726541031194044	0.3057871251270047
Tmed9	DKO − control	0.3483439372889008	0.2534049133012795	1.0	1.0	other tested genes	0.3416580633224396	0.2507683845029656
Tmem108	DKO − control	0.8960886352142043	0.8367389508070373	1.0	1.0	other tested genes	0.8059568125394254	0.7611002147103476
Tmem131l	DKO − control	0.8627901466754441	0.8115375045110785	0.7627384415131878	0.2938010190781156	other tested genes	0.7809520355279556	0.7416522024632982
Tmem14c	DKO − control	-0.3956249402028189	-0.3182836373751361	1.0	1.0	other tested genes	-0.3859701211489734	-0.3131408681152212
Tmem160	DKO − control	-0.2008758976983078	0.0694356539715018	1.0	1.0	other tested genes	-0.199548926276329	0.0693799795418138
Tmem163	DKO − control	0.8146187598806358	0.7430365765645917	0.2381790773355815	1.0	other tested genes	0.7440429314150055	0.6875671296546387
Tmem167	DKO − control	-0.1424422702020759	-0.2203485112491647	1.0	1.0	other tested genes	-0.14196492827658136	-0.21860326657113135
Tmem178b	DKO − control	0.7392629872790227	1.035221454465721	0.4841204099553646	1.0	other tested genes	0.6845354280059786	0.9060609194216541
Tmem258	DKO − control	-0.3086893471872335	-0.1776373499296726	1.0	1.0	other tested genes	-0.3039859085068756	-0.17671614650715434
Tmsb10	DKO − control	-1.0326643876485757	-0.6303452476996761	0.3139350576498342	1.0	other tested genes	-0.9042832218540082	-0.5946709997101836
Tmsb15b1	DKO − control	-0.858712130828484	-0.4083836093255895	1.0	1.0	other tested genes	-0.7778612919399843	-0.3978080085676956
Tmsb15b2	DKO − control	-1.0718477049352488	0.1936394067908008	0.4395811521989655	1.0	other tested genes	-0.9312762439639812	0.19244925687143602
Tmsb4x	DKO − control	-0.4367371217112024	0.2792952230179565	1.0	0.1977182102985766	other tested genes	-0.42392509874402284	0.2757859544350701
Tmtc2	DKO − control	1.2463138208729347	0.7171655497627367	0.3798826738864854	1.0	other tested genes	1.0452882027983295	0.666672427174116
Tnr	DKO − control	0.9609083633636044	1.6368381162208907	1.0	0.0002008794356501	other tested genes	0.8534597503783189	1.2683472913072167
Tnrc6b	DKO − control	0.737863778205622	0.6758031857650703	0.5785649102209531	0.7123358459537534	other tested genes	0.683409912455576	0.6327311270023809
Tomm7	DKO − control	-0.3663303786766739	-0.2510523295297752	1.0	1.0	other tested genes	-0.3585954726891366	-0.2484872446101441
Tox	DKO − control	0.6867296069411413	0.8179343302912057	1.0	0.9688024018288056	other tested genes	0.6417611519325728	0.7466114382026661
Tox3	DKO − control	0.5491701082691189	0.5960343634422517	1.0	1.0	other tested genes	0.5247531562493012	0.5654214201323082
Tpm1	DKO − control	0.4303587728320635	0.3662868428521517	1.0	1.0	other tested genes	0.41807307152823936	0.3585545932057311
Tpr	DKO − control	0.4050439083130759	0.6333945117283926	1.0	0.9725623149964988	other tested genes	0.39471438843428536	0.5972487798547187
Tpt1	DKO − control	0.5814126701459499	0.7134598171033312	0.4662537345852459	0.2278953825979145	other tested genes	0.5528211906333945	0.663658413145699
Tram1	DKO − control	0.4116583986464501	0.6410750971376936	1.0	1.0	other tested genes	0.40083799062879105	0.6037260353629873
Trerf1	DKO − control	0.9838201372632484	0.906784468656521	0.0181441431193903	0.309444363811282	other tested genes	0.8698862943275509	0.8139012928341974
Trim35	DKO − control	0.3859352530903136	0.3046234103491387	1.0	1.0	other tested genes	0.3769450838048211	0.30009864308917544
Triqk	DKO − control	-0.0042495348747282	0.4141051920913098	1.0	1.0	other tested genes	-0.004249522084761505	0.40309959615827773
Trpm3	DKO − control	0.7269491206624049	-0.0961166652327503	0.3412662892119954	0.2781685549970166	other tested genes	0.6746043861966694	-0.09596928287799694
Tshz2	DKO − control	0.6200502364958155	0.4714299730356335	1.0	1.0	other tested genes	0.5859416279118866	0.45551316203041786
Tspan7	DKO − control	0.5167810792383202	0.4386052832003426	1.0	1.0	other tested genes	0.49617068387657415	0.42563652087595155
Tssc4	DKO − control	-0.0506978779527842	-0.1538092568542762	1.0	1.0	other tested genes	-0.05067618512060944	-0.15320917189479227
Ttr	DKO − control	-0.5517556689716093	-0.5743014987580907	1.0	1.0	other tested genes	-0.5270182226467136	-0.5466640896495754
Tuba1a	DKO − control	-0.2189526174785667	0.2273819757025593	1.0	1.0	other tested genes	-0.21723987483753174	0.2254668355331493
Tuba1b	DKO − control	-0.0583310609033944	0.1361440901146009	1.0	1.0	other tested genes	-0.05829803275326844	0.13572698323382215
Tubb2a	DKO − control	0.186587170912525	0.0076493887093978	1.0	1.0	other tested genes	0.18552112428445186	0.007649314113060171
Tubb3	DKO − control	0.0344166809881148	0.2669217639572542	1.0	1.0	other tested genes	0.034409890135283866	0.2638497007386906
Tubb4b	DKO − control	-0.0357170163354474	0.2048503845249942	1.0	1.0	other tested genes	-0.03570942662740027	0.2034440696482666
Tubb5	DKO − control	-0.3040343692453727	0.2020475547501666	1.0	1.0	other tested genes	-0.2995351198839656	0.20069750648272405
Tut4	DKO − control	0.6125122267010201	0.5405949050532672	1.0	1.0	other tested genes	0.5795243906737465	0.5172232188508881
Txn1	DKO − control	-0.2003053887933667	-0.0245557179809011	1.0	1.0	other tested genes	-0.19898955990124376	-0.02455325086902352
Txnip	DKO − control	-0.3407982709056998	-0.0885253643928387	1.0	1.0	other tested genes	-0.33452404079658415	-0.08841014521030094
Uba52	DKO − control	-1.6824022453983076	-1.385722331647416	4.066397649563715e-11	3.202412777645832e-07	shared decrease (q < 0.05)	-1.2918635560396456	-1.1296552055678122
Ubap2l	DKO − control	0.584519070704336	0.4062863053931628	1.0	1.0	other tested genes	0.5555048628052686	0.39586566242818494
Ubb	DKO − control	-0.667320002201895	-0.4292596186123459	1.0	1.0	other tested genes	-0.6256886433131142	-0.41706324252668747
Ubc	DKO − control	0.4017633480072171	0.6614244175783578	1.0	1.0	other tested genes	0.39167204910638703	0.6207780267495553
Ube2b	DKO − control	0.1039578365227052	0.1242594781632499	1.0	1.0	other tested genes	0.10377149194320484	0.12394191006328327
Ube2e2	DKO − control	0.9461930000176412	1.0668980202672884	0.0132091385626233	0.0046715913272191	shared increase (q < 0.05)	0.8428099992817782	0.9278955177251718
Ube2e3	DKO − control	0.2203390837936124	0.3986080829980404	1.0	1.0	other tested genes	0.21859405996352482	0.3887426473414322
Ubl3	DKO − control	0.768593375466006	0.526970047710151	1.0	1.0	other tested genes	0.7079555521478605	0.5052035524755716
Ubl5	DKO − control	-0.4204004998572758	-0.3133359854897931	1.0	1.0	other tested genes	-0.40890943512765526	-0.30842290378349
Ubqln2	DKO − control	0.5985548306549187	0.6542832581699177	0.8524082046887226	1.0	other tested genes	0.567585281259478	0.6148120689899705
Ubr2	DKO − control	0.6976553791722238	0.5629929797359394	1.0	1.0	other tested genes	0.6507447200020632	0.5368337999575012
Ubr5	DKO − control	0.8331291817416691	0.8559634341752789	0.6001785773546918	0.0574061416810061	other tested genes	0.758329295723378	0.775774526757725
Ufc1	DKO − control	0.2844665667106001	0.2790462012895048	1.0	1.0	other tested genes	0.28076333000664944	0.2755461038973197
Ufm1	DKO − control	-0.1614405718047496	-0.1644959983341875	1.0	1.0	other tested genes	-0.16074739871226254	-0.1637630408801821
Uggt1	DKO − control	0.6077311991608422	0.9259399677725314	1.0	0.6996954278821979	other tested genes	0.5754430315913153	0.8280240331681777
Unc5c	DKO − control	0.4192831446744701	1.164949999020671	0.8291577252668912	1.0	other tested genes	0.40787919549733487	0.9933398273318422
Unc79	DKO − control	0.8759212378956371	0.9507515856493228	0.457976953663674	0.2732729971200822	other tested genes	0.7908618693386482	0.8461174939711389
Uqcc2	DKO − control	-0.3017346524843917	-0.0660931233958931	1.0	1.0	other tested genes	-0.2973341461126131	-0.06604509863104434
Uqcr10	DKO − control	-0.3676108845150759	-0.1963722611555972	1.0	1.0	other tested genes	-0.3597975911009496	-0.19513158553198126
Uqcr11	DKO − control	-0.346933979149049	-0.2144240612047166	1.0	1.0	other tested genes	-0.3403262851332224	-0.2128140349781167
Uqcrb	DKO − control	-0.3947564550813783	-0.3265888961522104	1.0	1.0	other tested genes	-0.3851624204488311	-0.32104537307872444
Uqcrq	DKO − control	-0.2995003618312409	-0.3986469292397012	1.0	1.0	other tested genes	-0.2951944481009694	-0.38877873222409937
Usp29	DKO − control	0.3019725455674374	0.0759567803275196	1.0	1.0	other tested genes	0.29756188984427207	0.07588393138394421
Usp9x	DKO − control	0.5795680411052513	0.558768326931283	1.0	1.0	other tested genes	0.5512258686380124	0.5331491497171612
Utrn	DKO − control	0.9515492251481454	0.6495633723387706	0.4598051966604368	1.0	other tested genes	0.8466954500487698	0.6108581895686784
Vat1l	DKO − control	0.9692035540465648	0.9121688183871444	0.3677832057076403	0.9665806135012974	other tested genes	0.8594287022984421	0.8178846250455306
Vcp	DKO − control	0.6118817721145225	0.6452856048077003	1.0	1.0	other tested genes	0.5789866951898647	0.6072673028337203
Vegfa	DKO − control	-0.0356498599254698	0.178183144087706	1.0	1.0	other tested genes	-0.03564231293203678	0.1772535026947385
Vps35	DKO − control	0.5393025684798523	0.2923220691991918	1.0	1.0	other tested genes	0.5160860605729415	0.2883112034286909
Vps8	DKO − control	0.2242818008995132	0.8645775227296345	1.0	1.0	other tested genes	0.22244281542867694	0.7823047311128758
Vwa5b2	DKO − control	0.2872480590274544	0.4324574110883185	1.0	1.0	other tested genes	0.28343769979998956	0.4200000396387
Wasl	DKO − control	0.3631482879375131	0.5297547146243721	1.0	1.0	other tested genes	0.35560602585577356	0.5076656748026177
Wdr49	DKO − control	0.1643024574656467	-0.0011625560664744	1.0	1.0	other tested genes	0.163572063587663	-0.001162555804601712
Wfs1	DKO − control	0.473978500819226	0.5754070412778297	1.0	1.0	other tested genes	0.4578172355968508	0.5476225517713026
Wipi1	DKO − control	1.0974834791929573	1.024286604348667	0.2381790773355815	0.3289907082935991	other tested genes	0.9486530740498851	0.8984429656147433
Wls	DKO − control	0.2918863967771825	0.8064412189181677	1.0	1.0	other tested genes	0.28789300712723065	0.7376901047879783
Wnk1	DKO − control	0.8458393700108361	0.6358408332172282	0.8232516882079951	1.0	other tested genes	0.7680640300399421	0.5993142788701447
Wnk3	DKO − control	-0.1500556751968217	0.0128264909232095	1.0	1.0	other tested genes	-0.14949817918617334	0.012826139249280343
Wnt4	DKO − control	0.7180886633787967	0.8292455864692547	0.0001364593116136	4.477194222632608e-06	shared increase (q < 0.05)	0.6674224085270551	0.7553426853176844
Wwc1	DKO − control	0.7150471378951931	0.1400313207246497	1.0	1.0	other tested genes	0.6649500888988396	0.13957767206031865
Wwox	DKO − control	0.8859266447390058	0.921578940626956	0.7723035248649277	0.2278953825979145	other tested genes	0.7983696277473353	0.824820624814771
Ypel3	DKO − control	-0.5254716840370832	-0.2207278020359804	1.0	1.0	other tested genes	-0.5038775713193933	-0.21897365694102552
Zbtb20	DKO − control	0.8019800087207277	0.8438898244449685	0.3677832057076403	0.6996954278821979	other tested genes	0.7342136365339674	0.7665748273430932
Zc3h3	DKO − control	-0.0405232694956077	0.4451732787570812	1.0	1.0	other tested genes	-0.040512186900898466	0.4316441098217956
Zcchc18	DKO − control	-0.4089752700682765	-0.0237621287251158	1.0	1.0	other tested genes	-0.39835569730398124	-0.023759893123285063
Zdbf2	DKO − control	0.5828768668857098	0.2586139179777932	1.0	1.0	other tested genes	0.5540865869589211	0.25581464104520796
Zdhhc14	DKO − control	1.1436973661769023	1.0943601483236531	0.0372760271500832	0.0961585477541972	other tested genes	0.9794240380520332	0.9465478243162324
Zfand3	DKO − control	0.6672695937421844	0.6171797070059345	1.0	1.0	other tested genes	0.6256467130991908	0.5835004442763481
Zfp148	DKO − control	0.8857034495277053	0.748055526269703	0.002124160883959	0.6367080188098981	other tested genes	0.7982025548061337	0.6915908755782528
Zfp395	DKO − control	0.4356754478143019	0.3663140429668906	1.0	1.0	other tested genes	0.42295197670975393	0.3585801337711058
Zfp703	DKO − control	0.1922683348202045	0.2865160011359061	1.0	1.0	other tested genes	0.19110301703357935	0.28273402608311843
Zfp704	DKO − control	0.6863505352693408	0.8255215136873327	1.0	0.9040860822905716	other tested genes	0.6414486410016278	0.7524733949890263
Zim1	DKO − control	-0.1033907266060482	0.2793608915520337	1.0	1.0	other tested genes	-0.10320740543289698	0.2758492018928464
